id,build_id,comment_id
00216cd9-70d3-4768-8c8a-fe44099561c5,ab4ac163-bd11-4313-99a6-30b079cb3c43,834dfcc4-d5cd-453e-9e85-201838c52380
10ca548b-2ae6-489c-abf5-e15a4bd65b3f,908bd82f-7d09-4512-b2b9-6cd48ba7d5b3,f90c44ba-e544-408a-a153-c852b6e9c937
181f1452-5588-43c0-a84a-1bfddae3ac3e,908bd82f-7d09-4512-b2b9-6cd48ba7d5b3,40ecd52b-3762-4157-a73b-20e44748b18b
247fb789-5168-463a-92c8-d1a91a2272d8,1794f63e-e7fc-4de9-a4c4-62858d5b410a,682157f1-e3b3-4e5c-97b5-83012754aa56
27f63715-b943-4e70-b920-0138787277ee,1ab74069-76e8-45ff-91ee-5fc3b14ecc4d,5a9613b9-890e-4fe3-b8dd-806a427e80c5
3381990d-3c94-4dd8-9f2f-62d06c258e45,908bd82f-7d09-4512-b2b9-6cd48ba7d5b3,c0f8f728-6cd7-48dc-8f11-6916cc95fd88
372adc05-2fb2-4129-80c1-7975214c952d,47373240-eea8-4a8e-9010-b36ae8e60564,c05a5aab-4e06-47a1-b85c-2bcfec3b83cc
437e56b1-6064-4087-ae96-d41a6e5ec72f,69bf3249-f5e5-433f-aea4-eb9f2e22227a,e1ae0aaa-9f50-4957-8206-c53b840cd5be
53cc565e-07ac-43cb-8d19-04daeeca6642,5e6a9694-35a1-4076-9c21-094a2d81033f,39b5d104-6f5b-4b71-91ac-56ee0b863332
563dc497-55fa-42bb-ad81-949b2dd62ac2,c92f828f-e386-4c9f-b424-3cabac0181fa,61fc4b38-ff5e-4ede-aa8d-cbd53b8ee107
5e9bcc1a-b1ab-48f7-8673-0d20d1b24394,69bf3249-f5e5-433f-aea4-eb9f2e22227a,86ba8ca6-0dcb-4117-8b05-b05c87a694db
60b101a3-617c-4985-b2d7-3932a6f35dea,c7dfbe11-a49f-49ea-b2e3-323fcc30c895,73340788-74bb-48df-a6c8-34c7ed9c7f05
7ce6c726-6735-4feb-8511-7f075ee10487,908bd82f-7d09-4512-b2b9-6cd48ba7d5b3,8f7edb7d-b5bd-4786-8bb3-28ae5d014620
7f9f5c3c-1a51-4564-b48c-72465f3e2874,21abd08c-bf88-4b24-813f-0656837076aa,aaffe6d7-5588-4004-8294-c65f2b0054e9
81232f64-a3fd-4cf9-87cb-231ca311c84e,c92f828f-e386-4c9f-b424-3cabac0181fa,d724965f-2995-4ec5-9369-654b7bc25805
846454fc-4fb9-4ca7-a75c-0ee59b27fec4,1e3bcbb8-72b0-45ec-8ad3-ff3ac9ca1bf5,779112b0-ed48-4c0c-b438-ea620dc5aefc
87688fa9-088f-4197-81c3-d8b76d5d6484,21abd08c-bf88-4b24-813f-0656837076aa,aca0ad61-e3cc-47be-b17e-4138ce0fb421
966a3596-2eed-453a-8fed-37b6f8d859ff,77b7789e-f989-42c1-ab20-99c8d58584ad,a5956ad0-7c39-4d07-a328-c81b3429324e
9a67b0d5-b049-4ea3-8917-426132f0d1b8,0161248b-6850-4888-9b61-fee9bc82e5c1,389cb613-a33c-4a93-9ea6-de797bcd626c
9ccb2dfe-b51d-43f1-99af-cca09dc4a57a,b3bc844a-d11d-4945-9831-dc2a089336b9,4932fab8-30cb-4434-af44-8cbecc391a62
9e812398-c358-4dde-9c20-6b2785af1f42,b164e158-4813-46ee-a8e1-f2f53f99b624,ae92201d-908a-460e-b436-3ef18f7639b5
acee25d5-f700-4d65-b7b8-0b2292c7d9cc,b164e158-4813-46ee-a8e1-f2f53f99b624,cd86cd7f-d63a-40ef-9695-8091d0f3440f
af428dc2-8bd2-4ef8-b282-104e2c119f38,21abd08c-bf88-4b24-813f-0656837076aa,23898552-db1a-4b76-9826-babcb6512e1c
b4630487-9085-46a3-bb78-4777ed279c11,69bf3249-f5e5-433f-aea4-eb9f2e22227a,c903532c-304a-4e88-91df-70fedd73c0c6
c0601be6-5842-4520-a1ef-23baf07b1ca7,47373240-eea8-4a8e-9010-b36ae8e60564,80dfd521-d227-4e05-b7ab-9c7cad7a2df5
c35b989f-8d62-4611-8f99-0ebbdbfe0e02,5e6a9694-35a1-4076-9c21-094a2d81033f,958c4a49-7a9e-4f87-b62a-e1099a71dd4e
c663045d-fb5a-4e21-9b5a-41db1b722f43,69bf3249-f5e5-433f-aea4-eb9f2e22227a,2deaed01-ff08-4365-a878-a582f4de62b7
db18ab2a-ce16-48c7-b4cd-c768ddc58fc3,908bd82f-7d09-4512-b2b9-6cd48ba7d5b3,392fd654-57ff-4111-9d3d-4d0628859ac4
db430b6b-49ac-4b25-87bc-80dad9bbad73,b164e158-4813-46ee-a8e1-f2f53f99b624,734e88fe-6026-49a0-b30a-077877757970
dfe55291-903e-4917-a95a-a17c5659659b,b4b63674-9e5a-437b-8e10-2da99c9e710b,c372d090-4420-4316-851b-033a043c2a50
e3987460-1672-4fd7-aec4-4c6220e008b5,e80fff14-87a1-46f9-a43a-17e575a41bc1,5e390b13-fdf2-4d14-9fc0-2ab9e9769751
e933babf-3f41-43d7-8e08-02a1b1fad494,b7fb6098-4e5c-42db-bf3b-44977aad49d8,0c078f64-4229-4340-afd6-78326766e819
f46003cd-3b9a-438a-b3e1-827aabb283e2,b7fb6098-4e5c-42db-bf3b-44977aad49d8,536303e5-27ab-4cb2-96ac-8d57eaea5076
f5fd1691-85e4-4104-90f0-52a4d21eaf9f,5e6a9694-35a1-4076-9c21-094a2d81033f,d313d33d-c23a-49fe-a333-c81663c7f00c
fa075d24-02c8-481b-b3c7-3d1bab689067,15c4f7e1-a610-4782-8d5c-e58bdb32fb80,f1e1a103-3322-43d9-94a8-38dd7b3ae7fc
fbdd8f15-d424-4833-8895-8d2b525c136c,a7b5ac2a-a212-4561-a3e1-a4ad9044a2fa,1437ba9b-4b69-4fa5-88bf-14aab180b826
fc157809-8a9c-4911-9c0f-4170daaa0429,908bd82f-7d09-4512-b2b9-6cd48ba7d5b3,c9c7a881-1ef3-400d-83da-95ede9689f55
