id,liquid_id,comment_id
145e7304-2b47-4cf9-9472-500d6995bc65,d6139933-777c-4402-b235-6050a8abb9cc,a0387138-1d4f-4d29-be4e-59f53440b765
21eba66c-482d-4382-a1c3-018f4964abdc,14d1288d-50b1-4b73-8c7a-018ea0946e8b,bd9aebac-bed7-4a87-b839-ec1e379fa4b0
6a87c8e2-c9ab-42a0-b58b-220b72acdc80,2b656345-1428-4d7c-994e-7a4107d97dfd,6618e7a8-52d9-4c60-b0a2-479b59459cae
79f448bb-be00-4a36-aee7-9e6153d9d987,66cac640-4d79-4df7-ac42-e9a828fa2da2,d375d6e8-6ecf-4b5c-85e1-5e103f2b293d
86971fa5-a7e5-4316-ad5c-cb2f82d49516,b07fb843-d27e-40a3-a0bd-2b3afa9bd4db,23b1e029-d12c-4138-bd23-76dc76d33035
a0e6cc85-97b1-416d-9fd3-8bf6763c633c,ba953054-b444-4e29-bada-9591e59a29f9,b6e3a60b-e47b-46f4-ab3a-41368c36126d
c7193c7c-f5ef-47ed-b5cf-c03520b19f7e,62906463-8ef5-4d78-a519-8880ffc4ae39,a524f157-c50d-401f-9bdd-9804e1540d7e
d7487918-ed7b-4a54-9d8d-420c0ab325f6,41f1b66a-329f-4423-83f5-32a00c846bfc,8cbf5834-bcd5-4e8b-a8db-a113bce4ac8e
e57f189d-cab2-433f-a1e1-ee94038eac90,d6139933-777c-4402-b235-6050a8abb9cc,5de8ece3-b7be-4089-b7cc-12bd576f7e81
eb027c48-d581-4480-9327-59b8593fb6dd,f1c97b88-b713-400b-a47c-c55b11c41fc7,6c3a4de8-513c-4207-b233-7f8480ed7e61
eeac23bf-f44e-4c63-b317-daa91d2fd5ac,62906463-8ef5-4d78-a519-8880ffc4ae39,00f8623c-dec7-4ca5-99ec-41acaa3be802
f63dfbd4-6e5a-4d1e-b1e4-8bf16267479c,1a49f3ac-88e4-4ca4-9bce-f1eb33ddfdbd,e41c84ae-020e-4e2c-a674-d4a67327c48e
fd1ddedf-897c-4bae-ba3b-79363d50c3cf,da9e8e0f-e56f-429c-a41c-2734b75da6a5,9b51c30c-a04d-49f3-b61f-391abef6719f
