id,path,name,mime,size,created,updated,ttl,native,native_hash,user_id
000ce272-d577-4c55-ab38-6c9c24fe98fe,/import/Edde\Excel\IExcelImportService,f6747540-ecb8-44a7-9053-3d6cd4bbda73-cells.xlsx,application/vnd.openxmlformats-officedocument.spreadsheetml.sheet,15017,2022-02-15 21:54:54.0,,1645566894.665553,/var/www/.data/files/840882f1/3c70/408c/826c/92f13e03a945/840882f1-3c70-408c-826c-92f13e03a945,a9dff40c876f20c52518b3e1d2bf35314441c82e38dde84a47144ceec9349284,ef1bb964-8099-4d5d-9484-d4d8174c6c33
022b86e3-a937-4d81-ac30-48914f00d057,/logs/exception,2022-02-14 19:27:28-2cbba485-067b-41cf-b59e-d8678b76c106.html,application/octet-stream,460282,2022-02-14 19:27:28.0,,1645471648.718949,/var/www/.data/files/7e393f10/52cc/4d5d/b2e7/2a2666f38ddc/7e393f10-52cc-4d5d-b2e7-2a2666f38ddc,35ebbf365ecab3ace16b71e420e60b2f23c7dd9c3e8fe884e6a8cc91e959eafd,
024a9b39-6d37-4f2f-a3ae-5fe9f3fb28ba,/logs/exception,2022-02-14 19:27:48-75f528d9-e167-4222-b857-d1ad75fe0d30.html,application/octet-stream,403743,2022-02-14 19:27:48.0,,1645471668.29957,/var/www/.data/files/69a869ad/d173/4d0a/9144/83ae874afb85/69a869ad-d173-4d0a-9144-83ae874afb85,724f953c6792a1152f59a470d75bc2990d7ffbd3e0e4025328506c369182d2f5,
0369ee12-ba2c-4df3-8a8c-fe1dfe12b980,/logs/exception,2022-02-16 12:43:37-872a6228-a50f-4359-8588-e22c8f42d88a.html,application/octet-stream,408440,2022-02-16 12:43:37.0,,1645620217.592535,/var/www/.data/files/a4ed9301/4a30/442b/8fce/0fd7389685e5/a4ed9301-4a30-442b-8fce-0fd7389685e5,399c4f41ad631d47db536702ff5762e20a234650d48db580be66aa46f563a330,
0516757c-dac0-49de-8dfb-353229f9c7e8,/liquid/image/d6139933-777c-4402-b235-6050a8abb9cc/original,f2de6b37-1975-4757-ad66-f8219b0404a1,image/jpeg,1014116,2022-02-14 06:34:22.0,,,/var/www/.data/files/5b7c3d6e/763f/4a03/a1f1/df7295e10c86/5b7c3d6e-763f-4a03-a1f1-df7295e10c86,e38b6e8b4c70c5a0345de48bcb25d115d3af97e2ead31369daaa0afc96ecdd84,ef1bb964-8099-4d5d-9484-d4d8174c6c33
06095d9b-3ca8-4529-b913-b408d0b90d9e,/build/image/69bf3249-f5e5-433f-aea4-eb9f2e22227a/original,2bed04f2-8533-43b2-908d-85dcc09bfc3d,image/jpeg,835821,2022-02-17 10:53:59.0,,,/var/www/.data/files/951d41df/6016/4973/b226/9c08c6504690/951d41df-6016-4973-b226-9c08c6504690,93e181d902a768d97ee32a95cf8d318417996e660d0df9a709c53cb6d0e870f3,ef1bb964-8099-4d5d-9484-d4d8174c6c33
081640d6-1332-4fe7-9e3c-b01deecfe43a,/logs/exception,2022-02-18 21:01:37-2c272441-de15-4788-9788-b946116bd774.html,text/html,292004,2022-02-18 21:01:37.0,,1645822897.698672,/var/www/.data/files/402bb6b1/71ba/4c5a/bb28/bb925ae2c354/402bb6b1-71ba-4c5a-bb28-bb925ae2c354,85939baf9c0a9cbe83a68f7fd833a047f0b08d17ea58378e9e4d340d2804010a,cefce5d6-ebbc-42be-b135-0e4c713da34a
083ccb52-194e-492a-9fa0-650fc65c0f9f,/logs/exception,2022-02-20 11:04:46-2ed1f19e-5513-44b9-ad0e-44feb21b3258.html,application/octet-stream,484275,2022-02-20 11:04:46.0,,1645959886.72768,/var/www/.data/files/9611a011/446c/4a29/9123/e4ac1cbb470c/9611a011-446c-4a29-9123-e4ac1cbb470c,361e68d844206e0aeafff858ccc5de1d8e896f3230df28915658a5e73909847d,
0841fc47-fcf0-467d-8e94-589bff4a7c51,/build/image/69bf3249-f5e5-433f-aea4-eb9f2e22227a/original,44846a49-6613-4aef-a5cb-8947362ee9aa,image/jpeg,779086,2022-02-17 10:55:38.0,,,/var/www/.data/files/d074db14/7359/416e/8c06/5328c9c9fbb0/d074db14-7359-416e-8c06-5328c9c9fbb0,ee46ffb3039d09a5ddd7576005010d54f33ef85fb68f017215d94b0283f682d2,ef1bb964-8099-4d5d-9484-d4d8174c6c33
09b026e8-c676-4dec-adf1-ec3439151580,/logs/exception,2022-02-18 21:01:53-2ee7e27f-7e5a-48c8-96d9-e9fd2cc92875.html,text/html,388464,2022-02-18 21:01:53.0,,1645822913.856412,/var/www/.data/files/8ede90c9/ccca/4f43/b39d/2dd1ce72411b/8ede90c9-ccca-4f43-b39d-2dd1ce72411b,f9ba81b2a89d6336d17c82b43a29e7fcbefbc973a858c863c52f7d193f8f6c56,cefce5d6-ebbc-42be-b135-0e4c713da34a
0a1667db-02b6-4905-a08c-f7b4257c8ecd,/logs/exception,2022-02-15 20:20:17-e204bbc0-d0e7-4ff6-8709-b1dc4cd87a38.html,application/octet-stream,440294,2022-02-15 20:20:17.0,,1645561217.257618,/var/www/.data/files/4d900875/c371/47b1/adc7/e9152373b4e9/4d900875-c371-47b1-adc7-e9152373b4e9,2fc39068b24e9f7868aa0a73fab961d2a3ae555498324e539d8aef19427588db,
0a1e00ca-d81a-4a68-a189-ae802d1abcc8,/logs/exception,2022-02-18 21:01:37-9e407d0e-b42e-4513-a241-d9c8d5710402.html,text/html,292079,2022-02-18 21:01:37.0,,1645822897.027874,/var/www/.data/files/99e881d4/4923/41c4/8ff6/1ee4da4495d3/99e881d4-4923-41c4-8ff6-1ee4da4495d3,0b5fda0b42af71aa94556f7966ab74154339fb8281bc5b08d9453fa55f9c43b3,cefce5d6-ebbc-42be-b135-0e4c713da34a
0a551690-6dd2-4b69-87d5-5015bc2ee0ba,/logs/exception,2022-02-15 11:31:42-88ec07e9-5f56-492d-9ac6-a6ba9132b38e.html,application/octet-stream,630535,2022-02-15 11:31:42.0,,1645529502.600807,/var/www/.data/files/abf2f880/fe6f/430e/bf08/eda27623bc62/abf2f880-fe6f-430e-bf08-eda27623bc62,e8555c6e8e79835764407bda7a523760c4cf15baaaf7edc548af2a255f55db09,ef1bb964-8099-4d5d-9484-d4d8174c6c33
0abd3e73-20ea-4c17-a71a-e90306a83dda,/build/image/21abd08c-bf88-4b24-813f-0656837076aa,d5729c92-3c02-4c2d-b171-5b96446638db,image/jpeg,13731,2022-02-14 05:33:28.0,,,/var/www/.data/files/b250c6dc/62fd/4805/a95d/55725e2d7154/b250c6dc-62fd-4805-a95d-55725e2d7154,e82c13cd6be7fd41a9b6d9a517d6c3f23460f3cdb476e8e369f73de8177d2590,ef1bb964-8099-4d5d-9484-d4d8174c6c33
0bb215e6-ec6b-4da6-a8fd-9605334a6378,/logs/exception,2022-02-18 21:01:53-57e73e17-bcc9-4137-a64b-4e823110fe80.html,text/html,388358,2022-02-18 21:01:53.0,,1645822913.406823,/var/www/.data/files/af85defd/7eee/49d2/9434/acc8224de62f/af85defd-7eee-49d2-9434-acc8224de62f,4a1e5fe48b79205a35fb9299a6d28f1fb13b97e10ae8b6191d3b485deede8ea2,cefce5d6-ebbc-42be-b135-0e4c713da34a
0bfb289b-1043-49b3-8632-51989e504283,/logs/exception,2022-02-15 14:43:42-24e2aa13-094c-4a6c-a6e0-52f633f37a35.html,text/html,232451,2022-02-15 14:43:42.0,,1645541022.781967,/var/www/.data/files/40737ad3/5b02/4a70/86b9/add10df00733/40737ad3-5b02-4a70-86b9-add10df00733,7aa7f2eb4380f7242f85b3caf599e1ea9894928b172f466848681b22bd6d6dc3,cefce5d6-ebbc-42be-b135-0e4c713da34a
0d00f0ff-a3a6-4736-a127-c7904745ac1b,/logs/exception,2022-02-16 12:43:37-8b9dd8f2-02b8-4c64-9e5e-98b7bc2e1796.html,application/octet-stream,406961,2022-02-16 12:43:37.0,,1645620217.480411,/var/www/.data/files/176a2148/0b67/40c5/bbcd/a2484e0ed177/176a2148-0b67-40c5-bbcd-a2484e0ed177,20256a1732585dfd2f3e9b2ca4cb79ce17867d3c5ad05955e029c17e3d45e319,
0d705594-3b0d-4faf-93e6-ecdec6ba15d9,/import/Edde\Excel\IExcelImportService,df21699f-f4a3-46ef-a744-e94662c12f31-cells.xlsx,application/vnd.openxmlformats-officedocument.spreadsheetml.sheet,15017,2022-02-15 14:43:38.0,,1645541018.50835,/var/www/.data/files/d3663952/4cc9/408f/a6c2/1c04b4dfdedc/d3663952-4cc9-408f-a6c2-1c04b4dfdedc,311d4c421735cf710aaf619824b86e20fe99cc7c0bab22678dacf0fd0e5aca3c,
0e42f715-79c1-4081-81a0-c3cb81daa193,/build/image/69bf3249-f5e5-433f-aea4-eb9f2e22227a/original,b416ab6f-dbde-4ed3-ae2b-56e56e1dbd7d,image/jpeg,792353,2022-02-17 10:55:51.0,,,/var/www/.data/files/27916440/e533/4dab/9d95/d08c1c481926/27916440-e533-4dab-9d95-d08c1c481926,ceb4476a2fa4994e431e2a3f45a76110cf13cdf9505a1690ce0bb155bdb0144b,ef1bb964-8099-4d5d-9484-d4d8174c6c33
0f4dfc82-0740-462d-9728-b69a92e7d472,/liquid/image/bb259610-8b3a-49b9-a7e9-ace64686dba2,1617ce20-e025-49f0-90aa-a863ad5f0489,image/jpeg,16603,2022-02-14 06:34:00.0,,,/var/www/.data/files/e0a8a8b5/299f/4ec7/87a9/84cb8a0779b6/e0a8a8b5-299f-4ec7-87a9-84cb8a0779b6,34423a826c70f1882c48b2f95e3bfc2be168969a714c455be37d60abd6ff2a7c,ef1bb964-8099-4d5d-9484-d4d8174c6c33
1176a0aa-85ec-4a93-a845-3f8f61be6677,/import/Edde\Excel\IExcelImportService,fac0344a-2842-40f1-ab9e-558cdc905c71-tags.xlsx,application/vnd.openxmlformats-officedocument.spreadsheetml.sheet,15283,2022-02-15 17:58:37.0,,1645552717.295875,/var/www/.data/files/6deffefb/c881/485f/afa8/a08fa58a1849/6deffefb-c881-485f-afa8-a08fa58a1849,a994f68f5da69b6db43d6d45b35cbb32bcb57963ca30b8146ac6375b20ccbda2,ef1bb964-8099-4d5d-9484-d4d8174c6c33
142bb2ac-0d4f-45c3-87da-773c0a6215f0,/build/image/69bf3249-f5e5-433f-aea4-eb9f2e22227a,59c1d8dd-16e9-42f2-b44f-004247d5e4cc,image/jpeg,12632,2022-02-17 10:52:44.0,,,/var/www/.data/files/e923e0b9/fe43/4ca1/9e28/ca6f4e3547d1/e923e0b9-fe43-4ca1-9e28-ca6f4e3547d1,2ffaebc5453f805e9aa798eb5826b893643a0afb2161090a8f9f7ad2ef7da582,ef1bb964-8099-4d5d-9484-d4d8174c6c33
14b828fa-fe5c-410d-bb9e-452b9aa6d4fa,/logs/exception,2022-02-16 12:43:37-c6b9ef61-9aa3-4a95-8690-d46afcf94a27.html,application/octet-stream,485976,2022-02-16 12:43:37.0,,1645620217.861366,/var/www/.data/files/a22ee1cd/b5fb/4564/a3b7/b38fb73eaeae/a22ee1cd-b5fb-4564-a3b7-b38fb73eaeae,91917e2ab7b2e93df5fda6d5a883426275bb37d82e33d9617c45183a7abcd980,
153baeea-b9d6-412a-9a76-58fdbfdb3c25,/logs/exception,2022-02-15 11:31:43-cc09bc90-3175-44a4-878b-c0e842638c70.html,application/octet-stream,630697,2022-02-15 11:31:43.0,,1645529503.126136,/var/www/.data/files/03143150/ed9d/4283/99dd/9e575d31009b/03143150-ed9d-4283-99dd-9e575d31009b,b9b4194b4173e51a48ba8602f0c56105d9b2b2f73462016c6b47ea6fe4460bc3,ef1bb964-8099-4d5d-9484-d4d8174c6c33
17a69f5b-8073-4377-8ce1-884ee0c00d59,/import/Edde\Excel\IExcelImportService,ee8892c4-6079-4b6f-9a50-06439af5446a-boosters.xlsx,application/vnd.openxmlformats-officedocument.spreadsheetml.sheet,15073,2022-02-14 01:15:58.0,,1645406158.308075,/var/www/.data/files/8a14e6ab/ffbb/4e5d/be58/9cec4de39050/8a14e6ab-ffbb-4e5d-be58-9cec4de39050,97f869fa2382c1e33131d1f9ed5226665bace92656a6147b564686d1cc3e8929,
1815dea3-11f0-4f2e-974f-1864bef78e53,/logs/exception,2022-02-16 00:44:38-14ca23db-48bb-4983-89a8-571c25428f2b.html,application/octet-stream,539679,2022-02-16 00:44:38.0,,1645577078.735198,/var/www/.data/files/3908e180/b38d/49ac/8556/2fb3e1c2f6a4/3908e180-b38d-49ac-8556-2fb3e1c2f6a4,7020514b0f1ba5f4bdec97861f9bee0fb527484c5fbba4cef187b145073c6c2f,ef1bb964-8099-4d5d-9484-d4d8174c6c33
1d651108-e816-4674-8f67-bed7a023a294,/logs/exception,2022-02-15 18:06:14-4c940fef-ad11-4157-abbe-da383cf9960e.html,application/octet-stream,446939,2022-02-15 18:06:14.0,,1645553174.877728,/var/www/.data/files/020399c8/0030/4cb6/8d1e/afe5b2522777/020399c8-0030-4cb6-8d1e-afe5b2522777,516d87618d87d336de626e527310343ac75bb0ebbf53deb25c2fb4d774944bcf,
1de72e2f-2708-47ae-8cec-3aef19463955,/import/Edde\Excel\IExcelImportService,f8f1dc6b-6fae-4dcb-8484-48addb9b81ad-translations.xlsx,application/vnd.openxmlformats-officedocument.spreadsheetml.sheet,52285,2022-02-16 01:02:00.0,,1645578120.269588,/var/www/.data/files/80414e51/80f5/45a0/936b/df8c3b6814ce/80414e51-80f5-45a0-936b-df8c3b6814ce,de3ecb52f7ce9f69769042c97e95c0ea5ce9fbb206304e93e7125088375404d3,ef1bb964-8099-4d5d-9484-d4d8174c6c33
1df8b3c7-1096-420a-af24-9f2d37d4a33b,/logs/exception,2022-02-16 12:43:41-e86b49ff-bf94-4c64-b1f2-04c87c3fd1c5.html,application/octet-stream,601961,2022-02-16 12:43:41.0,,1645620221.928694,/var/www/.data/files/2b095962/c462/4703/a693/8bc834a03014/2b095962-c462-4703-a693-8bc834a03014,5d6e4cc5b5379f548a9149aab886e9fd036fc9ebee454c510706d921a4cfd1a7,
1f419cc1-97bd-4cb0-be26-4eb99c764dbc,/import/Edde\Excel\IExcelImportService,6b5ab073-9afc-45e0-bac1-1f747cd8b531-translations.xlsx,application/vnd.openxmlformats-officedocument.spreadsheetml.sheet,52827,2022-02-16 19:57:57.0,,1645646277.133743,/var/www/.data/files/72332f63/07c5/4c6e/86ad/19944d049f18/72332f63-07c5-4c6e-86ad-19944d049f18,dc44ba125c4266795c9dff1924b0c219c2a66db02735f2cc886423514ec7b379,ef1bb964-8099-4d5d-9484-d4d8174c6c33
21b71164-6fdc-4eab-9c6f-f18a604da5cb,/logs/exception,2022-02-20 11:04:47-b9e2c245-2af6-4a85-bf88-25d4d3e41e4a.html,application/octet-stream,469929,2022-02-20 11:04:47.0,,1645959887.533436,/var/www/.data/files/b5700c1b/dfe1/468c/8534/70ac6a5c3529/b5700c1b-dfe1-468c-8534-70ac6a5c3529,4a0d7d6a567b90cd42d578efc0aeb3589fc0bb0182d8179293407d49d8480437,
23f9b113-87c5-44ee-a200-cd67fd5e68b9,/logs/exception,2022-02-19 09:17:03-3db20c5f-083c-4f02-8809-4a48fe8d55bb.html,application/octet-stream,601517,2022-02-19 09:17:03.0,,1645867023.030502,/var/www/.data/files/2f94d872/3a15/4037/a6a4/9b1a45d0ea5a/2f94d872-3a15-4037-a6a4-9b1a45d0ea5a,e41ca4ad3e4f60bcc557eb76932d9a45a8d34566d0bea33a4625c32535272d88,
247a8688-d5ba-4eaa-b478-d84eae930486,/logs/exception,2022-02-14 07:43:42-ca210a20-31e2-44de-8336-c98c2286944d.html,application/octet-stream,448833,2022-02-14 07:43:42.0,,1645429422.560694,/var/www/.data/files/725e2d75/7de6/413d/8b29/1305dd826acd/725e2d75-7de6-413d-8b29-1305dd826acd,a5b0f135de572e6f43aff61bb3365b85cc6f348643d003790d97e6e78317de00,
24ca0b30-bf5d-411e-95aa-afb87c80e049,/build/image/1c44c97e-db18-4dbf-8e28-177ab40b521d,805ac016-5726-4495-a920-b12e0ebcea50,image/jpeg,15018,2022-02-14 07:46:41.0,,,/var/www/.data/files/7f74da6d/4b6a/4b48/b188/faec927cfb85/7f74da6d-4b6a-4b48-b188-faec927cfb85,7e781db047163bc89c17c9e348d64a96cc51a8e63144506f765637dc9bd60b71,ef1bb964-8099-4d5d-9484-d4d8174c6c33
28ce0958-ab19-4084-bdb6-ad361f9667cb,/logs/exception,2022-02-14 05:17:51-46e664e2-dc57-459f-966f-acc061c07618.html,application/octet-stream,433817,2022-02-14 05:17:51.0,,1645420671.2734,/var/www/.data/files/501491fd/edf0/4d62/b40a/8564a43ba258/501491fd-edf0-4d62-b40a-8564a43ba258,ca10e5804892cec0e8f4a3d0120986668b47dbd5d5774ba70c87aaa7bf845eee,
29956331-c0bd-4516-84ee-e859622d8cfb,/build/image/b164e158-4813-46ee-a8e1-f2f53f99b624,fb20ac33-d3db-4fe0-ac16-56b2e832e23b,image/jpeg,13938,2022-02-18 12:53:39.0,,,/var/www/.data/files/27253896/096c/438b/9970/de54fcbb405c/27253896-096c-438b-9970-de54fcbb405c,4e2798f218686bd8fe57e6dc7d0f0c7647696ad896bc498cd568b954cab04db6,ef1bb964-8099-4d5d-9484-d4d8174c6c33
2c7b06fe-b21d-40a4-90ba-b8f6309c09df,/logs/exception,2022-02-15 11:31:34-ae94bdea-c67b-4a0b-bb64-6a9761017a40.html,application/octet-stream,630697,2022-02-15 11:31:34.0,,1645529494.720946,/var/www/.data/files/d3120a65/8041/47da/bc54/54b5191d03bc/d3120a65-8041-47da-bc54-54b5191d03bc,734642947211ca52acd3eb5c4fbb1ec462a177fd7bfe51909736fa20804d811f,ef1bb964-8099-4d5d-9484-d4d8174c6c33
2c8c695d-c1b4-4cdd-81fa-97e36e358b52,/logs/exception,2022-02-18 21:01:52-22f651eb-a471-4e3d-80ce-392413ed813d.html,text/html,388437,2022-02-18 21:01:52.0,,1645822912.708141,/var/www/.data/files/9a3c8eff/2454/42a9/976f/1a29552521f4/9a3c8eff-2454-42a9-976f-1a29552521f4,09a1b83234301473200efeea333490f17f102e1f9cb942ba6e162d9c27600ba9,cefce5d6-ebbc-42be-b135-0e4c713da34a
2dffbd90-f82d-459d-9bc6-255a2178f9f4,/build/image/69bf3249-f5e5-433f-aea4-eb9f2e22227a,8682a82b-db6b-4232-944a-0941909071e9,image/jpeg,10787,2022-02-17 11:11:41.0,,,/var/www/.data/files/2c566249/3c5c/46a9/ab9a/9917bae78759/2c566249-3c5c-46a9-ab9a-9917bae78759,da1c5ae0745680264bfc3860b9e08c2c06dc29acf7d1ba448f7d29f1de98e4dd,ef1bb964-8099-4d5d-9484-d4d8174c6c33
2f1cd8c3-13eb-4c6d-ac7a-6ac70f2fc217,/logs/exception,2022-02-18 21:01:53-8b40b2cb-ca63-4c13-91d0-9847b374e093.html,text/html,388500,2022-02-18 21:01:53.0,,1645822913.664366,/var/www/.data/files/d329bd32/84dc/46ec/b7a9/e43f09479f4e/d329bd32-84dc-46ec-b7a9-e43f09479f4e,a8d03f1c34dc4862660ff42fe091f71c6cab92b36dd426d065ed429840a85634,cefce5d6-ebbc-42be-b135-0e4c713da34a
2f5659f5-972d-4ecf-b3c2-f4edac3cee6f,/logs/exception,2022-02-18 21:01:52-6d86d875-e80a-457e-a703-6caf400dc30a.html,text/html,388470,2022-02-18 21:01:52.0,,1645822912.984016,/var/www/.data/files/11076d76/296b/4507/88a0/2aae88ee8c6b/11076d76-296b-4507-88a0-2aae88ee8c6b,fa7bbf3bdf2b1d6163e44e3a54def87debde35e69b277560d06c3b2f6b90587b,cefce5d6-ebbc-42be-b135-0e4c713da34a
317ea16f-4694-4e93-8223-db7e94db53d7,/logs/exception,2022-02-20 11:04:46-af5ff2fc-2972-4ac4-bba5-a8b1762dc2e6.html,application/octet-stream,468450,2022-02-20 11:04:46.0,,1645959886.690017,/var/www/.data/files/877fcd05/c542/42bf/96cf/ae45c2a8a6ab/877fcd05-c542-42bf-96cf-ae45c2a8a6ab,e63201e1eef34c1c1706add6f56c6e91b7ba4db689d2d50b4bbbfc42c7778f9b,
32b55449-fc31-4a16-9b09-1ca6c193fe82,/import/Edde\Excel\IExcelImportService,85e6fec5-6208-42c0-8c10-2d2577e5a8dd-translations.xlsx,application/vnd.openxmlformats-officedocument.spreadsheetml.sheet,51714,2022-02-15 22:31:13.0,,1645569073.65811,/var/www/.data/files/6e423f72/438c/45bd/8cf4/9b1770fe9d21/6e423f72-438c-45bd-8cf4-9b1770fe9d21,d1e5c8b03c682070e36197b56f99d5689c61cf1c3b985d406d021286133a8229,ef1bb964-8099-4d5d-9484-d4d8174c6c33
34c56d2c-1818-4b59-90fd-67b9ccc73c64,/logs/exception,2022-02-15 11:32:02-8661df32-552a-414e-b430-8cf6f79cbcf6.html,text/html,353037,2022-02-15 11:32:02.0,,1645529522.922896,/var/www/.data/files/dcaad67c/1766/41c2/a109/560099309645/dcaad67c-1766-41c2-a109-560099309645,b5b4b708f936d4b0703396abf06b89f7450626db75fd33a2b1ad6c45724d12fe,
35f5438e-abbe-4c2d-b054-24aa23fd64af,/import/Edde\Excel\IExcelImportService,124f606a-1f24-48f7-bc1a-3af6851fd7bb-translations.xlsx,application/vnd.openxmlformats-officedocument.spreadsheetml.sheet,56884,2022-02-14 01:15:50.0,,1645406150.519021,/var/www/.data/files/11ed9b71/6715/4773/a8d6/5e8681211175/11ed9b71-6715-4773-a8d6-5e8681211175,b9a381e36af62e29b129e74a9aa1004faffcc4a96081945520bef02f0858094a,
3668abaf-36af-496a-bbb6-9a63e7e6a67d,/liquid/image/b07fb843-d27e-40a3-a0bd-2b3afa9bd4db,b42468a3-713e-404e-98c8-aa749d95bdbd,image/jpeg,14018,2022-02-14 10:27:14.0,,,/var/www/.data/files/4e43668b/c967/456b/af36/0ed227d588fa/4e43668b-c967-456b-af36-0ed227d588fa,c549fbbfaf33c7a5babd2dfe900a3918667aa44a214d5fa878ed0afe93f599aa,ef1bb964-8099-4d5d-9484-d4d8174c6c33
372e78ed-f608-4dbc-99be-4f9edca5fc45,/logs/exception,2022-02-20 11:04:47-7235cbcf-ca9a-4b19-8eec-6c6e86384b90.html,application/octet-stream,485756,2022-02-20 11:04:47.0,,1645959887.582182,/var/www/.data/files/f797afff/0fef/4379/923c/e3141f825186/f797afff-0fef-4379-923c-e3141f825186,62036754118bdb86a60a12b7169c41ff3b8a0a624a4ff0c2e550b3e8385075ab,
37546a7b-f22a-481c-b2d0-27653ce56c83,/logs/exception,2022-02-15 11:31:37-1381f05c-74af-4e3c-b6e2-447970b12620.html,application/octet-stream,469652,2022-02-15 11:31:37.0,,1645529497.155735,/var/www/.data/files/9440eb33/08d7/4def/b9ba/ba4391a55344/9440eb33-08d7-4def-b9ba-ba4391a55344,67f5957f14eb4e78008f00d073bfbca50cc0ad8d57ce91ac16d87b9752728ad1,ef1bb964-8099-4d5d-9484-d4d8174c6c33
37accff7-1996-41fc-b559-4b861a073883,/logs/exception,2022-02-15 11:31:57-f95bc408-e809-4152-9db1-68d27c646f5d.html,application/octet-stream,469652,2022-02-15 11:31:57.0,,1645529517.324963,/var/www/.data/files/ee70a55f/4d50/4b63/a886/644ef185c279/ee70a55f-4d50-4b63-a886-644ef185c279,d2c69fddddd82009ab641271c0c86ec1e36d2a12d819bc0367adf31c9453b3f8,ef1bb964-8099-4d5d-9484-d4d8174c6c33
3a24c89a-cde9-44bf-8020-2a98f6f97c6f,/build/image/21abd08c-bf88-4b24-813f-0656837076aa/original,6a42c4c8-ddb3-4f66-9923-825eca9c9e1f,image/jpeg,855863,2022-02-14 05:31:27.0,,,/var/www/.data/files/f0b324df/4e39/4657/a3b6/fc13da576a3d/f0b324df-4e39-4657-a3b6-fc13da576a3d,fc0b5b8b09f46d5415c7d62962255d66a4cd233771e46acb9f2ee2c80dd48111,ef1bb964-8099-4d5d-9484-d4d8174c6c33
3b520d8b-2218-4615-939c-66b9fe852272,/build/image/21abd08c-bf88-4b24-813f-0656837076aa,6a42c4c8-ddb3-4f66-9923-825eca9c9e1f,image/jpeg,12787,2022-02-14 05:31:29.0,,,/var/www/.data/files/b5868ab6/44e1/4787/a705/3be2c85ecbf6/b5868ab6-44e1-4787-a705-3be2c85ecbf6,b7c5ca71732bfc1f990cf62ecb9789afc37081d69c336c68ab4c4597ca050109,ef1bb964-8099-4d5d-9484-d4d8174c6c33
3b8fc89a-09ab-4faa-8e82-1832c6a75fcf,/logs/exception,2022-02-18 21:01:54-5561472f-9b83-4382-b7d0-d649da10eee5.html,text/html,388464,2022-02-18 21:01:54.0,,1645822914.058446,/var/www/.data/files/78f60bce/c0d5/425a/95c6/03304769f4fa/78f60bce-c0d5-425a-95c6-03304769f4fa,18c45ccb6de01513472337601b01e18c96f78b1f143a5370302c3d401812f43f,cefce5d6-ebbc-42be-b135-0e4c713da34a
3c93d29b-8291-455b-ab91-3d5a649fd77f,/logs/exception,2022-02-18 21:01:52-3640a112-6c64-44ee-a7d6-23646d51e63d.html,text/html,388462,2022-02-18 21:01:52.0,,1645822912.846212,/var/www/.data/files/9ae6c3e6/8143/4792/81b3/f26365463875/9ae6c3e6-8143-4792-81b3-f26365463875,eb87a07b1b18afba8c900dbc7de571daaa2e7122fa85db7118170ca291da10d8,cefce5d6-ebbc-42be-b135-0e4c713da34a
3eb28b18-482c-4253-a4a1-5aaa1e9c7e94,/logs/exception,2022-02-15 20:20:17-48a02763-1e12-4ee0-b022-0c9384411c91.html,application/octet-stream,397950,2022-02-15 20:20:17.0,,1645561217.637429,/var/www/.data/files/2f893de7/5e87/4a4e/a542/f4be7b03651f/2f893de7-5e87-4a4e-a542-f4be7b03651f,745338623d7129d595c533b48a0fde3f6b42be287f0a6175b13ee92764dd7b1e,
401a9ae9-1fff-4ebe-8ffb-a503067ca682,/logs/exception,2022-02-15 14:43:42-447a3816-cd55-42ae-b7d8-000aedd712f3.html,text/html,232451,2022-02-15 14:43:42.0,,1645541022.857919,/var/www/.data/files/a7469d00/e5a9/4e11/9d99/51cb3e5b38ea/a7469d00-e5a9-4e11-9d99-51cb3e5b38ea,d4df40563331782822862eaa7a89c68f71c01f921c6957846bb386ab6a7d91d3,cefce5d6-ebbc-42be-b135-0e4c713da34a
44f5b40b-9a5b-44a5-aa19-b1b0ab16acd3,/liquid/image/ba953054-b444-4e29-bada-9591e59a29f9,f70bf55c-5f4b-4de4-ae28-f8201cc7497e,image/jpeg,15072,2022-02-14 06:33:33.0,,,/var/www/.data/files/5b2fabe0/a4a0/41a6/b396/c848541381be/5b2fabe0-a4a0-41a6-b396-c848541381be,54724598e65c8e5d0ba041408b761bc491d738d5186dcc4b26ff47c017e54772,ef1bb964-8099-4d5d-9484-d4d8174c6c33
458fc6ad-4ef9-4227-bb62-3b2c5a7d7a04,/logs/exception,2022-02-15 14:43:42-9953b251-cc2f-4f32-a57d-98f2c7da8385.html,text/html,232456,2022-02-15 14:43:42.0,,1645541022.958977,/var/www/.data/files/acfdc63b/5bf2/42b2/b650/5e3c59009233/acfdc63b-5bf2-42b2-b650-5e3c59009233,bb7ff830ef6ac1e1d5ff555f85b6015fdadb8964ab20b0e8db0d99e09a923598,cefce5d6-ebbc-42be-b135-0e4c713da34a
46dafec9-1e5d-44fc-b401-4f8a877ca44c,/logs/exception,2022-02-16 11:34:38-543bd655-fcb2-45fe-b1f2-8f3b774564e5.html,application/octet-stream,401922,2022-02-16 11:34:38.0,,1645616078.955963,/var/www/.data/files/a879fc62/b2bf/4a4f/ba71/65af06581550/a879fc62-b2bf-4a4f-ba71-65af06581550,9a2798cd7ef3b108fe51031be0d3eda433c66f6dfed7db36baf1fb0c9d2b96cc,
479bea51-980d-4d42-8b85-265127af3c81,/logs/exception,2022-02-15 11:32:04-9d3e6aca-389f-462a-a06a-6d8f0867c2bf.html,application/octet-stream,630362,2022-02-15 11:32:04.0,,1645529524.420267,/var/www/.data/files/12d59f1c/d07c/4a53/9344/e9b6dbd5da74/12d59f1c-d07c-4a53-9344-e9b6dbd5da74,a946ab7ded7cb6a6f9fa1be91d62b12570eb1636c3a6ba95cccbbad51d40d084,ef1bb964-8099-4d5d-9484-d4d8174c6c33
48e951cc-c0bf-4c33-b888-2853b245187d,/logs/exception,2022-02-15 11:32:03-037de6fd-05b8-462f-a3e7-8ee0d6396551.html,application/octet-stream,630697,2022-02-15 11:32:03.0,,1645529523.432617,/var/www/.data/files/8e3b42b0/2562/4e5f/90e4/839ebdda0ef9/8e3b42b0-2562-4e5f-90e4-839ebdda0ef9,36a283792ad7a96dc63c5c1e624866fb562df83aa4326955ba301b3471a96a50,ef1bb964-8099-4d5d-9484-d4d8174c6c33
494eb833-6784-4b07-9e4c-8b83656f14cf,/logs/exception,2022-02-15 11:31:32-c9d66b3f-bf90-44c6-a066-2381ad138513.html,application/octet-stream,467264,2022-02-15 11:31:32.0,,1645529492.319443,/var/www/.data/files/00cd5292/903f/4de5/83e8/533a548e85d8/00cd5292-903f-4de5-83e8-533a548e85d8,c34eadbf3f86c2871bb9f8a0c82e6a34901bf7915f4fc26aec0ad65998e0185a,ef1bb964-8099-4d5d-9484-d4d8174c6c33
4aedaef6-1eea-4667-b9b3-4bcff8576adb,/build/image/21abd08c-bf88-4b24-813f-0656837076aa,83ea5a17-85bb-49bf-93e2-cb395889dd3b,image/jpeg,15107,2022-02-14 06:00:26.0,,,/var/www/.data/files/2cc4a05d/a35b/46d7/b65c/6bcad5e15af7/2cc4a05d-a35b-46d7-b65c-6bcad5e15af7,a0e8f0ce065b318d4354a9ac3f47176715b7a7f7d7e94a45c0e4529b223ee33e,ef1bb964-8099-4d5d-9484-d4d8174c6c33
4b0a84a3-3325-421b-9bbd-2eaaeb278981,/import/Edde\Excel\IExcelImportService,6f5fff57-5620-40e2-917c-8b76ab3f4be0-translations.xlsx,application/vnd.openxmlformats-officedocument.spreadsheetml.sheet,56910,2022-02-14 06:24:26.0,,1645424666.238327,/var/www/.data/files/d467fb93/10b3/4f37/a692/283a8fcf50b2/d467fb93-10b3-4f37-a692-283a8fcf50b2,3b0bf61e0ccd297845174603b9ffbfbc427b5aa9f50e55ff199f40dc0e279f1a,ef1bb964-8099-4d5d-9484-d4d8174c6c33
4bb17930-0b45-4c6a-8b75-f0369036fcc6,/import/Edde\Excel\IExcelImportService,23eb8e53-d81b-4f2f-96d6-380858f790bf-atomizers.xlsx,application/vnd.openxmlformats-officedocument.spreadsheetml.sheet,15357,2022-02-14 01:15:51.0,,1645406151.808818,/var/www/.data/files/6d6e43bc/e568/40d0/8850/b61a8a876bcc/6d6e43bc-e568-40d0-8850-b61a8a876bcc,c03621ce026a3856fb5dfda60881dcb4118f7214d630640be40cf5e9f1100f84,
4c4e7386-64e0-4e29-bb15-8a11be336811,/logs/exception,2022-02-18 21:01:37-15bbf7d9-a0a3-4fba-acc9-0cdf2e3a3dd0.html,text/html,291998,2022-02-18 21:01:37.0,,1645822897.795857,/var/www/.data/files/523a0566/a2b4/4fc2/b1f1/f037f96ac671/523a0566-a2b4-4fc2-b1f1-f037f96ac671,51986abc306d43d5d7f4a261418d90bf2cdd42d7d06c93260611a8800ad14eee,cefce5d6-ebbc-42be-b135-0e4c713da34a
4f699fd2-8641-46b9-a6ca-990b6b5a5515,/logs/exception,2022-02-16 12:43:37-2b7b29fd-a022-494e-9337-2d63bfc6f01e.html,application/octet-stream,484497,2022-02-16 12:43:37.0,,1645620217.755274,/var/www/.data/files/a754b750/56cd/4e40/b77d/e6e40f7de63e/a754b750-56cd-4e40-b77d-e6e40f7de63e,fa6efb611347b46da8346b3c4018df5a6d1e6358d725da2e8811ae3773f782f9,
51d2155a-2c12-4130-b75c-bbefddcde430,/import/Edde\Excel\IExcelImportService,ea86518d-2b46-47c1-a2c2-ed2b1cbb58e8-translations.xlsx,application/vnd.openxmlformats-officedocument.spreadsheetml.sheet,57478,2022-02-15 11:25:55.0,,1645529155.431242,/var/www/.data/files/f9cda0d1/52f3/4281/a6e3/79fabb6ac7dd/f9cda0d1-52f3-4281-a6e3-79fabb6ac7dd,bd141a67b3e93034a5b53601ad67b6e9478bad2e9f9cdb9ce47b88e8c54e2170,ef1bb964-8099-4d5d-9484-d4d8174c6c33
51eb3eab-5f56-4bac-9a67-9f213a92a4a6,/logs/exception,2022-02-14 19:27:28-0b0e2dda-0a43-4eff-8861-adf0b9057f7f.html,application/octet-stream,458803,2022-02-14 19:27:28.0,,1645471648.460039,/var/www/.data/files/52e34399/39de/4398/85ff/b10e5ec49fc2/52e34399-39de-4398-85ff-b10e5ec49fc2,b8cd7320813ce3dc6b3c86fc60f63cef6630d8fc3d4b7f8abe487486e4433f6d,
556006b8-a66f-43c1-86b8-e4bb8764806e,/build/image/69bf3249-f5e5-433f-aea4-eb9f2e22227a/original,2d313059-7395-44fc-9f42-c89ef728a516,image/jpeg,761331,2022-02-17 11:18:38.0,,,/var/www/.data/files/05209463/9e0a/498f/b278/b35a3b2c8ca1/05209463-9e0a-498f-b278-b35a3b2c8ca1,d5a7a72fec9eead8b0cee148da33c875339b756f91405d257252fec38229a707,ef1bb964-8099-4d5d-9484-d4d8174c6c33
55d809db-62f8-47ec-b1db-50dd86a89ec2,/build/image/69bf3249-f5e5-433f-aea4-eb9f2e22227a/original,8682a82b-db6b-4232-944a-0941909071e9,image/jpeg,728133,2022-02-17 11:11:39.0,,,/var/www/.data/files/9b6f602a/487d/462c/9ff9/5bf71faf96e5/9b6f602a-487d-462c-9ff9-5bf71faf96e5,6006575bacaddce38bc04e2a0de5ef599315695610f8dcc9e78f319ddaf2e7ce,ef1bb964-8099-4d5d-9484-d4d8174c6c33
55f0a781-d726-4220-aa51-0dbf9327c991,/logs/exception,2022-02-15 14:43:43-02c7c0a9-b2c0-446e-b11d-85a2fd577d06.html,text/html,232456,2022-02-15 14:43:43.0,,1645541023.059474,/var/www/.data/files/4c695d00/0bf0/4dc7/a40b/d5419cd76616/4c695d00-0bf0-4dc7-a40b-d5419cd76616,9d7aa09b905f955e965cbbc4d6f8a7d4ef4461c4eaf77d83f0acf2e56a1393a9,cefce5d6-ebbc-42be-b135-0e4c713da34a
56c5ef8e-e880-4995-8bc9-8520bee8652d,/logs/exception,2022-02-15 11:31:40-dd68b807-df20-41c7-b021-138f80db76d2.html,application/octet-stream,630697,2022-02-15 11:31:40.0,,1645529500.629762,/var/www/.data/files/8bc7d649/f78e/4511/9ec3/6272bd3c1d57/8bc7d649-f78e-4511-9ec3-6272bd3c1d57,859365ae126a6f200d06a511d2f687349e5dac13b62940f53fce22a7d39c3fe5,ef1bb964-8099-4d5d-9484-d4d8174c6c33
58680d33-a112-41f7-bbbc-9c843becc058,/import/Edde\Excel\IExcelImportService,e8fc44b5-cb52-4466-bd11-e418c49c84bc-cottons.xlsx,application/vnd.openxmlformats-officedocument.spreadsheetml.sheet,15316,2022-02-14 01:15:55.0,,1645406155.290709,/var/www/.data/files/0aef7dc3/99bb/4f06/b0ca/1bd57928d007/0aef7dc3-99bb-4f06-b0ca-1bd57928d007,85093dad9b514652a147ea0c24ac9700448712b2001945266fe1c2de1594b5de,
5a83825b-9e43-4cbc-b836-dfe11cde5318,/liquid/image/1a49f3ac-88e4-4ca4-9bce-f1eb33ddfdbd,d1fa73c1-cd2d-439d-938b-97fa78fdeaa1,image/jpeg,16164,2022-02-14 06:29:57.0,,,/var/www/.data/files/fa991fa6/f5d6/406c/82cb/f2cfc6311727/fa991fa6-f5d6-406c-82cb-f2cfc6311727,6ddbc7234ca961122928052596d8c412c3b0bfbc947fd5c9adb1090f2815a45c,ef1bb964-8099-4d5d-9484-d4d8174c6c33
5b0733ac-0287-49ca-a16c-9fc743e4dc6d,/logs/exception,2022-02-16 08:43:18-d01d5643-3533-46e4-b33c-2442e35d5bf1.html,application/octet-stream,485773,2022-02-16 08:43:18.0,,1645605798.732251,/var/www/.data/files/21a6960f/d06d/4ef0/b1b9/b5922b07701a/21a6960f-d06d-4ef0-b1b9-b5922b07701a,11ac759150cdd7e5c5bc27188e11bd0b6debb4601190ffb0a86f26b37fce39e4,
5c5d6388-b257-4daa-a35f-38c3f5d82a82,/logs/exception,2022-02-14 14:25:25-30dc136b-c669-46d4-b41c-73eead64793f.html,application/octet-stream,512780,2022-02-14 14:25:25.0,,1645453525.522042,/var/www/.data/files/893f2cfc/c367/45de/b1ec/397dd86ae154/893f2cfc-c367-45de-b1ec-397dd86ae154,544caee37efb59039490c15709bcd46eef9915e9519a36a2b57dabf1dcae584e,ef1bb964-8099-4d5d-9484-d4d8174c6c33
5d9adfd9-8446-44ed-9e6b-cf4a26e1d7ea,/logs/exception,2022-02-15 11:32:03-6c87ff12-1a23-4d78-aee2-5c467fbcf8b3.html,application/octet-stream,630535,2022-02-15 11:32:03.0,,1645529523.036387,/var/www/.data/files/20879dc8/c450/4e11/8b28/453af62b5755/20879dc8-c450-4e11-8b28-453af62b5755,047f11c8dd9bab19c191c053bd2435897d0ad31cd37c996206f3c3b5bce4c30f,ef1bb964-8099-4d5d-9484-d4d8174c6c33
5f121ea5-0235-4ac8-b63e-ea376f0d7538,/logs/exception,2022-02-18 21:01:35-d9969761-e3ea-4b03-b1e0-a7d5fcb41dbf.html,text/html,292007,2022-02-18 21:01:35.0,,1645822895.75314,/var/www/.data/files/5881bf85/15c1/4092/aee1/00b0c5db02ab/5881bf85-15c1-4092-aee1-00b0c5db02ab,7c94ce33ff405067ddb86504f4dbf84d111912949a5116d391962bcefca1a626,cefce5d6-ebbc-42be-b135-0e4c713da34a
61c50d95-678a-484b-af5a-b6e81aca628f,/import/Edde\Excel\IExcelImportService,a6ab6de9-5f99-40ff-88e0-6ad5726e6f90-wires.xlsx,application/vnd.openxmlformats-officedocument.spreadsheetml.sheet,15667,2022-02-14 01:15:54.0,,1645406154.07383,/var/www/.data/files/d9a45414/734b/4720/a1db/d90159c07fab/d9a45414-734b-4720-a1db-d90159c07fab,ec62c0557992bbc6073c8c2a34a1cbb741560ed3570f24e14def679117c2460f,
6339d70f-bd27-4d40-86af-323fe9efa153,/logs/exception,2022-02-19 09:17:02-ed0ad8ff-72c3-4965-bbf5-32b38365c4fa.html,application/octet-stream,604839,2022-02-19 09:17:02.0,,1645867022.755308,/var/www/.data/files/029e17fd/d25a/4463/9976/535c4a428d01/029e17fd-d25a-4463-9976-535c4a428d01,af706f11465b8c213e3a749059124f86092ce92a5aa10144ea862eec17a3074f,
640f9b79-cea0-4b48-ae1b-8ea2c1630fb2,/liquid/image/41f1b66a-329f-4423-83f5-32a00c846bfc/original,ffbffbec-9fea-45fe-91f5-023c3620303d,image/jpeg,1268454,2022-02-14 06:37:27.0,,,/var/www/.data/files/cfaca488/10a6/41f7/a3a9/bff8446249a7/cfaca488-10a6-41f7-a3a9-bff8446249a7,a17ea697f7402902f1a9c893d58879e3d460bdf65ed534f6aa40a013bb92f744,ef1bb964-8099-4d5d-9484-d4d8174c6c33
65751703-8602-4253-b000-80443b6df87b,/logs/exception,2022-02-16 19:31:02-deda224c-d17f-4eab-9e4e-e1a87d33df2d.html,application/octet-stream,471224,2022-02-16 19:31:02.0,,1645644662.944426,/var/www/.data/files/c6115c28/0e3f/4572/86be/c81f59defd55/c6115c28-0e3f-4572-86be-c81f59defd55,a256ef7f351464042e649affc80859545e10b3671726d27ccac54dea988bd64e,
664cc5a4-168e-46c1-9e7f-b95e2920c471,/logs/exception,2022-02-18 21:01:37-eb4456fd-8f9d-4d1d-8da0-2cb7b2df815a.html,text/html,292036,2022-02-18 21:01:37.0,,1645822897.424233,/var/www/.data/files/5cc48b42/ad67/4ccb/a5ff/f0ef8c354acb/5cc48b42-ad67-4ccb-a5ff-f0ef8c354acb,3c2fc714fefdd9438e5783c0f3319ba6f35d1fef06225bc8c6aeacac26e51a25,cefce5d6-ebbc-42be-b135-0e4c713da34a
66882b6d-6bbf-400f-b219-b13474948385,/liquid/image/2b656345-1428-4d7c-994e-7a4107d97dfd,fa4b05df-b68a-483a-8f41-e6e33882c173,image/jpeg,15279,2022-02-14 10:26:51.0,,,/var/www/.data/files/3e9aa910/0ee6/4879/ab64/cc51114f5ea0/3e9aa910-0ee6-4879-ab64-cc51114f5ea0,fbe834b800a8fd16570056932639f7a57720d66d16d6fd96f84bcb5dfba9644d,ef1bb964-8099-4d5d-9484-d4d8174c6c33
6693d377-dd5e-46d4-8edf-233b8ac6e382,/build/image/69bf3249-f5e5-433f-aea4-eb9f2e22227a/original,82a43d71-9363-49d7-b543-46172db68c49,image/jpeg,606578,2022-02-17 11:50:45.0,,,/var/www/.data/files/7343f7e2/9fa2/4db5/9583/b5881c3c4788/7343f7e2-9fa2-4db5-9583-b5881c3c4788,8aa4187e0663f821e649cac69eb8962df32a44bab0f66b1fb271cbe46c3eb02d,ef1bb964-8099-4d5d-9484-d4d8174c6c33
67cb9617-40bd-4e86-9622-cb4f9985966e,/import/Edde\Excel\IExcelImportService,12ea370a-fa4b-45c1-b082-53ea03aa00ee-mods.xlsx,application/vnd.openxmlformats-officedocument.spreadsheetml.sheet,15150,2022-02-14 01:15:52.0,,1645406152.977965,/var/www/.data/files/5ff85b48/3e61/4fe3/87a0/f056360c59c6/5ff85b48-3e61-4fe3-87a0-f056360c59c6,30c2a37a4e04a7d60978c89727d11b895eed3a4223304177e5013cb07a695e89,
68d31de2-cca5-4f90-b4a0-57d6135d0166,/logs/exception,2022-02-15 11:31:59-ddb3462d-55e9-4a13-8a87-8516b99e9e0c.html,application/octet-stream,630535,2022-02-15 11:31:59.0,,1645529519.404526,/var/www/.data/files/edfbc9ac/dbf9/4553/9068/8a525ccf10a1/edfbc9ac-dbf9-4553-9068-8a525ccf10a1,15d8ce3468ce57f4702b86f1fe8c91ce8654dc4665c6b57bc646bddf0b18f036,ef1bb964-8099-4d5d-9484-d4d8174c6c33
69a6807d-3363-4e26-adef-01601931bc89,/logs/exception,2022-02-14 07:43:45-98101bed-598d-4557-b096-0a4d03ffedf1.html,application/octet-stream,587112,2022-02-14 07:43:45.0,,1645429425.04222,/var/www/.data/files/2dd74bb1/9426/4c70/9dbb/7aea034fef1b/2dd74bb1-9426-4c70-9dbb-7aea034fef1b,12440775334ebb301fd05eabcc72c2e0ee0492b419761f17f0d500d2dde7c51a,
6c3cc9ff-59f3-4c40-9d1d-1000e4a7f05b,/liquid/image/41f1b66a-329f-4423-83f5-32a00c846bfc,ffbffbec-9fea-45fe-91f5-023c3620303d,image/jpeg,17634,2022-02-14 06:37:29.0,,,/var/www/.data/files/7fea1a04/37ce/4d26/9c9d/250d5b7b4831/7fea1a04-37ce-4d26-9c9d-250d5b7b4831,474110a4fbc4f47ff0096d77df86b9540e8f8e90bc3d711205ceac0487225004,ef1bb964-8099-4d5d-9484-d4d8174c6c33
6c4bad99-2fce-4fc3-aef2-fafbad96701e,/logs/exception,2022-02-14 07:43:45-5dbcb4cb-feab-44ad-b94a-271f32ceef8f.html,application/octet-stream,587112,2022-02-14 07:43:45.0,,1645429425.27236,/var/www/.data/files/2348b380/6c32/4130/a164/41c3ecef39e8/2348b380-6c32-4130-a164-41c3ecef39e8,2294abc613e67416f16b39e4418301f875bec6d53dd49b3ab0c22e47af3fbbe3,
6c6b5b38-0347-4113-8f23-79c7f3fcadf0,/import/Edde\Excel\IExcelImportService,ee2daaf9-31c1-4cb2-a800-5c26940755a7-bases.xlsx,application/vnd.openxmlformats-officedocument.spreadsheetml.sheet,15004,2022-02-14 01:15:59.0,,1645406159.696561,/var/www/.data/files/10c0459a/a954/4c2d/9558/b20d6fa45113/10c0459a-a954-4c2d-9558-b20d6fa45113,28fc47672061050898f30e50223253ce2e8bab8a4795efeacda700742044b63e,
6ea957f4-433f-49c2-b200-79ec622cccd1,/logs/exception,2022-02-15 14:43:42-e60a23ff-b6f6-420a-8455-af118bdaacd6.html,text/html,232451,2022-02-15 14:43:42.0,,1645541022.676002,/var/www/.data/files/8fa1b603/bd99/4e81/93c8/dae9e3512175/8fa1b603-bd99-4e81-93c8-dae9e3512175,85a7034cf8f0788d2de19a6f79162990daa923b27b5c9e2f06590e9ef69735bc,cefce5d6-ebbc-42be-b135-0e4c713da34a
6f3a08d2-318b-4ddf-9baa-91599aa85b5b,/import/Edde\Excel\IExcelImportService,cfbdc147-cd30-46ed-9062-3609553d9797-mods.xlsx,application/vnd.openxmlformats-officedocument.spreadsheetml.sheet,15150,2022-02-18 21:01:36.0,,1645822896.776972,/var/www/.data/files/6a867e39/0ff8/4c71/82b2/8e28f65640e9/6a867e39-0ff8-4c71-82b2-8e28f65640e9,abd2a3b0cbacf0ce37b98f0cf65fb02e14a781919aeacc01478c067b64fb5b69,
704c8aa4-0c55-41c9-9da1-fb7fa33579dc,/logs/exception,2022-02-15 11:31:40-53e9db79-5f38-46d0-a1ca-8bd71cd3bc46.html,application/octet-stream,630535,2022-02-15 11:31:40.0,,1645529500.475458,/var/www/.data/files/79e32f3d/735a/4ec0/8086/389cf3220d45/79e32f3d-735a-4ec0-8086-389cf3220d45,659232ded3085c16740c6104390aff8adefa904c16eba4aa23aa5fba7f042080,ef1bb964-8099-4d5d-9484-d4d8174c6c33
752c44ab-c18a-4ab9-abbf-1ea4afcecb8a,/import/Edde\Excel\IExcelImportService,6f56a473-c77b-4290-807e-c378592a553b-atomizers.xlsx,application/vnd.openxmlformats-officedocument.spreadsheetml.sheet,15450,2022-02-18 21:01:34.0,,1645822894.599417,/var/www/.data/files/f257e52b/1f40/4efa/b8ba/3108d5390f37/f257e52b-1f40-4efa-b8ba-3108d5390f37,3dc6210dc0aa9293b7c3c81fb4774f796083c27a8e471971ce7961c4626616a3,
76c45ec4-f995-4646-b476-69b48103cd1c,/build/image/21abd08c-bf88-4b24-813f-0656837076aa/original,d5729c92-3c02-4c2d-b171-5b96446638db,image/jpeg,874852,2022-02-14 05:33:26.0,,,/var/www/.data/files/b111b33d/fd91/499e/85de/237d1fd90899/b111b33d-fd91-499e-85de-237d1fd90899,bfc01e55952b5287f52661d53d73c692c1585a21ca66f14a16bc65771b8cce8e,ef1bb964-8099-4d5d-9484-d4d8174c6c33
7a4d0a8b-26f1-4d03-bb3d-70a9c12e087f,/import/Edde\Excel\IExcelImportService,f32f11f0-d8cb-4e79-8db2-6b8cc6567a20-translations.xlsx,application/vnd.openxmlformats-officedocument.spreadsheetml.sheet,57509,2022-02-15 11:36:22.0,,1645529782.620282,/var/www/.data/files/6807fac6/6317/4935/ba49/f70ecef7d182/6807fac6-6317-4935-ba49-f70ecef7d182,f39783f409845b9ffdb87129d6fd4fba959210a9ddee0f3962ba299edd7dd1ef,ef1bb964-8099-4d5d-9484-d4d8174c6c33
7c397993-4196-442c-b641-5c8d7cfe9a46,/logs/exception,2022-02-19 09:16:58-d7b3063a-f247-4c4a-9140-5120d436b2d4.html,application/octet-stream,406269,2022-02-19 09:16:58.0,,1645867018.919582,/var/www/.data/files/3d54edc5/7eb5/40be/bbb8/a9f782bb5239/3d54edc5-7eb5-40be-bbb8-a9f782bb5239,8a256ce834e46c9e68bec5a340ea4d66f188120363b5d457a7d57a9d0f9d0fe8,
7ca38b06-c779-4132-8317-fcd51e18d2a3,/logs/exception,2022-02-14 14:25:25-839bafbe-8b01-4acc-b788-fb8534bca2ea.html,application/octet-stream,515168,2022-02-14 14:25:25.0,,1645453525.790226,/var/www/.data/files/f98bec90/2ebf/41c4/9a9d/7c89176d62fc/f98bec90-2ebf-41c4-9a9d-7c89176d62fc,49dd540609c7a4900e636a137274d7b3eb786e080241aa185c00c6abd41451d5,ef1bb964-8099-4d5d-9484-d4d8174c6c33
7cf17cdd-f064-40cd-b1c7-0c43e42e954c,/logs/exception,2022-02-14 06:29:21-ad9f9818-4f9b-486d-9e02-bbf3c1dba124.html,application/octet-stream,448830,2022-02-14 06:29:21.0,,1645424961.650222,/var/www/.data/files/06d3a45b/25c8/4c25/8d77/7ef6b7b8a251/06d3a45b-25c8-4c25-8d77-7ef6b7b8a251,d6fe6a76a0e7fc18a110465f74604a98bb4253baaaca7634c6dda49a545ba870,
7cf6a1bf-2cf9-480c-8948-3e9faebe7319,/logs/exception,2022-02-16 11:34:39-ff952d0c-6875-4766-b527-5893f95887c0.html,application/octet-stream,403401,2022-02-16 11:34:39.0,,1645616079.094611,/var/www/.data/files/6ae3181a/913a/4c2b/acf4/dd372aa4ec7f/6ae3181a-913a-4c2b-acf4-dd372aa4ec7f,12ba2375dd097ac22785e9bafe1ef8543168709cb8b4c46d24f0ff07fe07b003,
7d2540f4-e814-4b77-93b3-659826dd789d,/logs/exception,2022-02-18 21:01:53-089b30fd-3455-4ba3-8846-dfbff22d2fa4.html,text/html,388470,2022-02-18 21:01:53.0,,1645822913.129023,/var/www/.data/files/f4de64e4/2bea/48b4/b196/b54ca3c9427d/f4de64e4-2bea-48b4-b196-b54ca3c9427d,7f306bdf799e010f39fa0a0021cebaf91783a95630251a6e67a740655f61de27,cefce5d6-ebbc-42be-b135-0e4c713da34a
7e8c0879-a2e6-4fa7-a689-ecc2bc178873,/logs/exception,2022-02-15 20:20:16-614cb420-a7c2-444c-8282-17a66e5f3553.html,application/octet-stream,463891,2022-02-15 20:20:16.0,,1645561216.985782,/var/www/.data/files/4895a8c4/8014/4866/870f/897fd19ecbe1/4895a8c4-8014-4866-870f-897fd19ecbe1,3f40a7aa120759105e9e11200bbfc74fd2addb1a6b3497795fa8a51d46530149,
7f242bcb-1e49-4596-ba1f-f013a2361a07,/logs/exception,2022-02-16 16:05:43-20486d63-cf47-4f4a-868b-162fc858cdf1.html,application/octet-stream,471582,2022-02-16 16:05:43.0,,1645632343.905813,/var/www/.data/files/640ae787/fbab/4d66/9e7a/1fff5f84a927/640ae787-fbab-4d66-9e7a-1fff5f84a927,82d96d2b48799589de80c96fdda291384949a6897c20dd5590ff7fa0117fb6d1,
7f45d4b1-bc91-4cc3-97ce-01da92aef3d7,/liquid/image/b07fb843-d27e-40a3-a0bd-2b3afa9bd4db/original,b42468a3-713e-404e-98c8-aa749d95bdbd,image/jpeg,1022904,2022-02-14 10:27:12.0,,,/var/www/.data/files/5dc155ee/6527/424b/ab31/69df4346c19d/5dc155ee-6527-424b-ab31-69df4346c19d,50273b4eea80d899e59766d1ccf7ef9b8e22b3d2dd4e060ec3198f3185c6ba93,ef1bb964-8099-4d5d-9484-d4d8174c6c33
816156cc-f9aa-43cc-a2fc-d9dc805667d0,/logs/exception,2022-02-16 20:42:14-89ec7846-60fe-4de2-b4ce-922e14fed170.html,application/octet-stream,428088,2022-02-16 20:42:14.0,,1645648934.207546,/var/www/.data/files/0b58dee2/a641/433a/adb6/9d99d92aaa57/0b58dee2-a641-433a-adb6-9d99d92aaa57,d4cc94d0c347e8faafcb01cc7c921b052501355392715b171f350ae9345b9f09,
81eaedd1-9d7d-4457-bbe8-d3099f8ea2e6,/logs/exception,2022-02-20 11:04:47-73827206-e18a-417b-b7bc-40b9ebd7993f.html,application/octet-stream,406484,2022-02-20 11:04:47.0,,1645959887.479138,/var/www/.data/files/3b728c5e/c726/403c/adc0/4b82c2d7e38c/3b728c5e-c726-403c-adc0-4b82c2d7e38c,dc1e4decb6d7d025db772a7ed4e5302a03a22214ee37240919304efce199c517,
85a1d69c-659c-49e5-a0c9-cce13b3b192d,/import/Edde\Excel\IExcelImportService,17a3ab24-ff53-4c5e-9486-0a65486d5135-tags.xlsx,application/vnd.openxmlformats-officedocument.spreadsheetml.sheet,15217,2022-02-15 14:43:38.0,,1645541018.220466,/var/www/.data/files/ccd0c6ee/bd8b/415e/9e81/61bf5e98ea04/ccd0c6ee-bd8b-415e-9e81-61bf5e98ea04,51f798628007a573f1c54285df4d4353314ba00e485b8a85d6a7ced9f0b79aff,
86386667-ea90-4659-a320-07b29b894b31,/import/Edde\Excel\IExcelImportService,49e08669-6fc7-4640-94d8-767dd2e7df77-translations.xlsx,application/vnd.openxmlformats-officedocument.spreadsheetml.sheet,57202,2022-02-14 14:14:06.0,,1645452846.6355,/var/www/.data/files/e8aafae0/ca91/42c3/9212/37b6f1007bd9/e8aafae0-ca91-42c3-9212-37b6f1007bd9,9ab34e138555fb461c212e87321f06e9bfc5130aa1b838b65a0d23950ed7920d,ef1bb964-8099-4d5d-9484-d4d8174c6c33
87c1be54-d8ad-476f-91cb-81d7f209aacd,/build/image/b164e158-4813-46ee-a8e1-f2f53f99b624,40f4ec7d-c6ef-4494-b2d2-f7f476f20c18,image/jpeg,11837,2022-02-18 12:54:11.0,,,/var/www/.data/files/da7a6457/a765/4e9e/a949/87082d8123d5/da7a6457-a765-4e9e-a949-87082d8123d5,2b706b47bb45e972447f1a4cd964f821a029f256828597512f4c6f8d7393e088,ef1bb964-8099-4d5d-9484-d4d8174c6c33
88586a12-8f3c-4cd3-a898-18fe09ae256b,/liquid/image/8796b555-39c2-4451-870f-5b896dbe7290/original,7e0c7a50-6188-40b3-bf07-cecf254d4048,image/jpeg,1008971,2022-02-14 10:27:33.0,,,/var/www/.data/files/4fd5f807/7bb4/474f/b0bd/6634a46f0c4c/4fd5f807-7bb4-474f-b0bd-6634a46f0c4c,46b510024510eb6d1996c0536005fa7d3a091edc44e3130f0f1c73ee971c688b,ef1bb964-8099-4d5d-9484-d4d8174c6c33
88d3864e-45ce-4d0c-a930-ae5d278217d1,/logs/exception,2022-02-19 09:17:02-671b3661-0dc7-4c46-8769-9c9b3a1def0e.html,application/octet-stream,604839,2022-02-19 09:17:02.0,,1645867022.611309,/var/www/.data/files/7ef4e683/4b95/4a84/96cd/9d767f1f45cd/7ef4e683-4b95-4a84-96cd-9d767f1f45cd,382e76cf08ca1ec85ede9f366262b62a753c721558848304b44378170db4ae8c,
8a6a631f-9201-4cc0-b529-bd76b939e5ff,/logs/exception,2022-02-16 08:43:19-e62af61c-9e4c-4ea2-91b0-0db7a6f605cf.html,application/octet-stream,487252,2022-02-16 08:43:19.0,,1645605799.203853,/var/www/.data/files/4d43813d/208f/45d5/82c0/2f35366f6158/4d43813d-208f-45d5-82c0-2f35366f6158,7681388f1056e7e0a8f5868aec93393e84b74f8839328abc95010647a325f2f4,
8b9a7fc2-bca4-480d-a386-8e722f122ca4,/liquid/image/2b656345-1428-4d7c-994e-7a4107d97dfd/original,fa4b05df-b68a-483a-8f41-e6e33882c173,image/jpeg,991859,2022-02-14 10:26:49.0,,,/var/www/.data/files/30822089/a03e/4112/8df3/3015a7e30444/30822089-a03e-4112-8df3-3015a7e30444,62716a39e14804270d453dcd7318145e93f58ca6054cdfc8106f857e1fd261ea,ef1bb964-8099-4d5d-9484-d4d8174c6c33
8dbeb5f7-d6df-4c98-84be-e969bf7b10a1,/build/image/1c44c97e-db18-4dbf-8e28-177ab40b521d/original,805ac016-5726-4495-a920-b12e0ebcea50,image/jpeg,1062827,2022-02-14 07:46:39.0,,,/var/www/.data/files/92134e22/e11e/4ba0/aced/27a4e0ebc875/92134e22-e11e-4ba0-aced-27a4e0ebc875,2dfcb1b0ffeb63ab44ce5c8e5efe920f75f4cb10af04d48ca65689271f702645,ef1bb964-8099-4d5d-9484-d4d8174c6c33
8e2a6652-32ce-40f7-957f-110444f16bad,/logs/exception,2022-02-16 19:31:02-5a58d284-b768-408f-b22e-0e8e286f64b6.html,application/octet-stream,469745,2022-02-16 19:31:02.0,,1645644662.739299,/var/www/.data/files/87a86036/201a/4c3b/be75/6cda33b78584/87a86036-201a-4c3b-be75-6cda33b78584,80e0f776c3b5b5bcbba506d164a5c4660cc8e6e93eb44ad5dcfdfd5f080952f4,
8ecfa0da-34c5-466f-a1a2-baec0954eac4,/liquid/image/bb259610-8b3a-49b9-a7e9-ace64686dba2/original,1617ce20-e025-49f0-90aa-a863ad5f0489,image/jpeg,1001346,2022-02-14 06:33:57.0,,,/var/www/.data/files/8f23e9d1/46d7/45c2/9b78/275ecea394cd/8f23e9d1-46d7-45c2-9b78-275ecea394cd,8041430f46cf88e1e2e6b77e02e50355ad5cbe9a322d3bd9fe5e8fae5b47cabe,ef1bb964-8099-4d5d-9484-d4d8174c6c33
8fcc1b56-8628-43ac-97ae-4bbd366397ae,/import/Edde\Excel\IExcelImportService,b39bf67d-4e77-493e-897a-564729295d36-translations.xlsx,application/vnd.openxmlformats-officedocument.spreadsheetml.sheet,52806,2022-02-16 19:54:42.0,,1645646082.517724,/var/www/.data/files/811fded1/04bb/440c/b3ea/6b786f2014e0/811fded1-04bb-440c-b3ea-6b786f2014e0,44989069fea2e99f679b8fd127cfa8e261a97a06e201717d0da82d2c8860b9be,ef1bb964-8099-4d5d-9484-d4d8174c6c33
8ff4f64e-1a29-4291-9732-556a991031ba,/logs/exception,2022-02-15 11:32:05-1df46cfc-a97d-4209-841f-9a0e152382c6.html,application/octet-stream,630697,2022-02-15 11:32:05.0,,1645529525.299326,/var/www/.data/files/0672978a/31b9/4d29/9177/aed4bf54dbc9/0672978a-31b9-4d29-9177-aed4bf54dbc9,c8ed273f7a71e660e59964fababf3c9fd5c468f87ebe1a2761f7b2beaee1f5e0,ef1bb964-8099-4d5d-9484-d4d8174c6c33
90b59adf-0b3d-4ad8-bf69-ee137b886ef4,/logs/exception,2022-02-16 12:43:41-1827b1e1-7082-4c84-a133-78e5bca5e495.html,application/octet-stream,601961,2022-02-16 12:43:41.0,,1645620221.585917,/var/www/.data/files/e40ade43/7263/49b2/8ff4/88ea44999f61/e40ade43-7263-49b2-8ff4-88ea44999f61,b4a8b3b612a7c8bdf877d95e0223132ad5d2d99809ac63a9414b83aa93d2ade8,
916de099-438c-4a6b-a888-4085090120c4,/logs/exception,2022-02-15 11:37:51-1c436d49-91e4-4449-b972-b438ac86ef06.html,application/octet-stream,438987,2022-02-15 11:37:51.0,,1645529871.176086,/var/www/.data/files/dd231282/3547/431c/be0f/3aee4ffa0d06/dd231282-3547-431c-be0f-3aee4ffa0d06,469855a277c7a29b0e87e5113a5b1c19cfd085400f2b1ec615142bb193c1e353,
926011b0-ace0-462c-9ae6-124cc56e60a5,/logs/exception,2022-02-16 00:44:38-3ad10890-c3c4-418a-b993-b05c91eef15c.html,application/octet-stream,537453,2022-02-16 00:44:38.0,,1645577078.518799,/var/www/.data/files/18a1abdd/510f/4f07/ae69/529c3e7de6e7/18a1abdd-510f-4f07-ae69-529c3e7de6e7,6e24139101490ebe9fc9c54c9333fef0a0949d98a7afc751571a7e1f2fc4d9ad,ef1bb964-8099-4d5d-9484-d4d8174c6c33
96372144-48b3-4658-991e-c74261b84fea,/import/Edde\Excel\IExcelImportService,54ad3dcc-e8f1-42bc-9dfb-ab9ed65b4725-vendors.xlsx,application/vnd.openxmlformats-officedocument.spreadsheetml.sheet,10967,2022-02-14 01:15:50.0,,1645406150.631971,/var/www/.data/files/fed95f0b/8770/44e3/be32/75d27d674fe8/fed95f0b-8770-44e3-be32-75d27d674fe8,32e47fcb124e2f756d498fd181460c55e9ac828c0da2af8d2be4f172a18c2817,
9637ec77-ea6b-4c9c-8c0f-1b1e4fffee26,/logs/exception,2022-02-15 11:31:36-5bc7d8f6-d5c8-4c91-807f-41b8949d52ec.html,application/octet-stream,467264,2022-02-15 11:31:36.0,,1645529496.97235,/var/www/.data/files/9ede150d/92ff/45db/a967/2788091e31d9/9ede150d-92ff-45db-a967-2788091e31d9,c8780981d7e77884fefa13e7f0d807c39c98c3b6453da0e78d13f1f904524730,ef1bb964-8099-4d5d-9484-d4d8174c6c33
98a4ffc9-2b1b-4d16-b114-b3b8daac8225,/logs/exception,2022-02-18 21:01:36-2ca4f7fc-a1e2-487d-9385-5af03f450f65.html,text/html,292019,2022-02-18 21:01:36.0,,1645822896.568146,/var/www/.data/files/0b88124b/9b18/4037/91c5/ca7dc826b8f3/0b88124b-9b18-4037-91c5-ca7dc826b8f3,11d7c24a4e463fe41bc0d023538d1ffae4ef07f6a240a0fa92276b51e49ad3f7,cefce5d6-ebbc-42be-b135-0e4c713da34a
98bd36eb-86e8-4886-8c48-fd7b41638c3d,/logs/exception,2022-02-14 14:25:13-eb6d2cf3-a673-4ce3-9a96-946f5b9fd96e.html,application/octet-stream,438453,2022-02-14 14:25:13.0,,1645453513.024344,/var/www/.data/files/9995a713/bbfc/4d81/8701/5b72d7f28dd6/9995a713-bbfc-4d81-8701-5b72d7f28dd6,066ea80efc00878e0c48ea518b7d92a565cf700d425b10aea10f78c6f98c49c2,
9a0addfd-bd9a-4918-a9b7-165c0f351892,/build/image/21abd08c-bf88-4b24-813f-0656837076aa,6f31ee97-b4aa-40b9-9a30-be9a2a983a99,image/jpeg,12583,2022-02-14 05:28:54.0,,,/var/www/.data/files/0290d3d0/b753/47c3/a0b6/83df68679992/0290d3d0-b753-47c3-a0b6-83df68679992,8e754120d7e94f7f0e6af83a6562205c3dc26a8426dc1072a7aa8acf8b2dc233,ef1bb964-8099-4d5d-9484-d4d8174c6c33
9a7704cd-6df3-4f40-adbb-dd8c89647d5f,/logs/exception,2022-02-18 21:01:37-5d7735fa-4325-4f4a-9822-94e1b977e08c.html,text/html,291998,2022-02-18 21:01:37.0,,1645822897.971258,/var/www/.data/files/10e90df4/d419/4ee6/b76c/eb0923906fd5/10e90df4-d419-4ee6-b76c-eb0923906fd5,11711ff6379879a83b4b91061b97392877aacc0261a14e2b332dd3d6cc798cb4,cefce5d6-ebbc-42be-b135-0e4c713da34a
9d69a810-d26e-41a1-a8cf-0622364b5e9f,/logs/exception,2022-02-18 21:01:35-da971cb0-710e-458b-ab95-2ef551f5f8d7.html,text/html,291982,2022-02-18 21:01:35.0,,1645822895.552905,/var/www/.data/files/7449b9c0/0ad7/44e1/ad52/e6ff00a737a1/7449b9c0-0ad7-44e1-ad52-e6ff00a737a1,7f4bf8ba311708dcf3f204e2ca7923fee6bd282b342d37b67175f7a1a2049a22,cefce5d6-ebbc-42be-b135-0e4c713da34a
9fff3468-26c7-467b-9f43-b573da9f671f,/import/Edde\Excel\IExcelImportService,c27ff89b-72a3-402e-8362-a6af06c597af-tags.xlsx,application/vnd.openxmlformats-officedocument.spreadsheetml.sheet,15086,2022-02-14 14:14:01.0,,1645452841.216528,/var/www/.data/files/c60742c0/56d6/434b/89e7/ab469afa17bb/c60742c0-56d6-434b-89e7-ab469afa17bb,fe945a0aca45df2fde93d87aff0181b9bfbec4a9e247c0fac5858491973d3334,ef1bb964-8099-4d5d-9484-d4d8174c6c33
a28cf2b3-3a47-46f9-a639-5645704a629b,/import/Edde\Excel\IExcelImportService,ed7192c7-4f5f-4197-a5ed-39580fb7a3f0-translations.xlsx,application/vnd.openxmlformats-officedocument.spreadsheetml.sheet,57286,2022-02-14 18:51:23.0,,1645469483.545103,/var/www/.data/files/7441d9de/ace8/452d/8053/458a99dec8bc/7441d9de-ace8-452d-8053-458a99dec8bc,4ab251c12afa00c50b545215ee80f34f13f40d1ab6bdeb4388051f088c6db03a,ef1bb964-8099-4d5d-9484-d4d8174c6c33
a2b9c903-dcab-477c-96c1-ffea4b9df925,/logs/exception,2022-02-14 05:17:51-c2bef181-28d3-4fe9-8503-15f7150a47fd.html,application/octet-stream,435296,2022-02-14 05:17:51.0,,1645420671.475407,/var/www/.data/files/8bdcac13/66c0/4aad/92d2/d5fe27e3325b/8bdcac13-66c0-4aad-92d2-d5fe27e3325b,c6a0498f666dec8018516489ba2bfd586829cdc27edbbefc526dcafb9b9a7d3c,
a2fba6ff-a9be-43f4-aed5-c93086f3bb08,/build/image/69bf3249-f5e5-433f-aea4-eb9f2e22227a/original,59c1d8dd-16e9-42f2-b44f-004247d5e4cc,image/jpeg,703979,2022-02-17 10:52:42.0,,,/var/www/.data/files/0a2e0f4c/372b/4b7b/a42c/59b37fd2d337/0a2e0f4c-372b-4b7b-a42c-59b37fd2d337,1c62873ceaec0f0f5116e6f441c84f5095690774762437979e986f83426efca8,ef1bb964-8099-4d5d-9484-d4d8174c6c33
a41c2f06-73da-4d0a-a0db-a24dc456c54d,/logs/exception,2022-02-16 16:05:44-c71e669d-aff8-4b7c-83ea-fc654705705c.html,application/octet-stream,473061,2022-02-16 16:05:44.0,,1645632344.081808,/var/www/.data/files/7312a743/decf/4790/80d6/91dc57c70224/7312a743-decf-4790-80d6-91dc57c70224,c10db0f2e7094ed93472ae4b46ce7726bc877a7f0e75f70c8a0cb6791e9b7268,
a497a189-e5ff-475a-ae4d-2b7ab788f2e9,/logs/exception,2022-02-15 11:31:57-a5a7d6b5-73c4-4acd-9bfa-979741b5ef6b.html,application/octet-stream,467264,2022-02-15 11:31:57.0,,1645529517.197937,/var/www/.data/files/5ee4a84f/f041/4371/89f1/f610324c22f0/5ee4a84f-f041-4371-89f1-f610324c22f0,eed3d8e7687b3a13868b8aa83b8bc757b6790e8927036b16540c933a31be3007,ef1bb964-8099-4d5d-9484-d4d8174c6c33
a53a0882-e957-4199-9cb9-5ae9cb1883a8,/build/image/908bd82f-7d09-4512-b2b9-6cd48ba7d5b3,88fa934e-b37a-46e8-a01a-a961ac1e915a,image/jpeg,12991,2022-02-14 05:28:59.0,,,/var/www/.data/files/94bfbd8a/fcc7/4cd0/9b3f/607473c0b7f7/94bfbd8a-fcc7-4cd0-9b3f-607473c0b7f7,33db022ba22c7731b9aaec0503d99304d86d7fb07eaab2997bea126316e4c18a,ef1bb964-8099-4d5d-9484-d4d8174c6c33
a5af8c49-f513-4b0d-900f-77f1e3ab8dde,/logs/exception,2022-02-14 06:38:49-29f5fc2b-c6d6-4b1a-a0c0-6b2af8a19b3d.html,application/octet-stream,433606,2022-02-14 06:38:49.0,,1645425529.631719,/var/www/.data/files/72d6b7ec/6cfa/44ea/a2ee/de82f1a6a25a/72d6b7ec-6cfa-44ea-a2ee-de82f1a6a25a,f1f7de6010903342880f33b74dbe872b0aa6e6beec6dafdf79c7baa59f76345c,
a5c59567-0356-4c95-9736-3ba2be80fa9a,/logs/exception,2022-02-18 21:01:36-61182607-5a54-4acf-990d-713bf3e37366.html,text/html,292027,2022-02-18 21:01:36.0,,1645822896.175701,/var/www/.data/files/e0b5636c/3922/4bf6/b4a6/0efba4bd7e19/e0b5636c-3922-4bf6-b4a6-0efba4bd7e19,b7004c2ea94ad20a8e5ccce4cee146cd28d10c9f506ee7e7f1eb37ff4bf7cc6d,cefce5d6-ebbc-42be-b135-0e4c713da34a
a97a88d6-88a1-4029-8ea2-b87d1bde1719,/import/Edde\Excel\IExcelImportService,c19611f5-808d-413f-9b31-4c8fdcc030cf-tags.xlsx,application/vnd.openxmlformats-officedocument.spreadsheetml.sheet,15112,2022-02-15 11:36:17.0,,1645529777.035765,/var/www/.data/files/2a204f74/f302/465c/88cb/ed79192e802d/2a204f74-f302-465c-88cb-ed79192e802d,ef50047f6cf93961b1e8cbd431370257fe4f8aefd1914759fac41c8b52b67538,ef1bb964-8099-4d5d-9484-d4d8174c6c33
a9a1e2be-8557-4db1-92af-93aeafc38288,/logs/exception,2022-02-15 20:20:17-e5ab33f4-43ac-4e33-a9ac-59ba2220e830.html,application/octet-stream,399429,2022-02-15 20:20:17.0,,1645561217.78306,/var/www/.data/files/fd590c5f/beb2/45cb/bdd9/e77398e8ff00/fd590c5f-beb2-45cb-bdd9-e77398e8ff00,df542fbb5dce695b41d233d34595d4cee6c743f101f6478fcc1f05cf420fa941,
ab9d5d8c-9bff-4a56-aa84-79af4e7c3a9e,/import/Edde\Excel\IExcelImportService,8f38e17f-c79f-469f-9dde-d98461bd559d-translations.xlsx,application/vnd.openxmlformats-officedocument.spreadsheetml.sheet,56808,2022-02-15 17:58:19.0,,1645552699.88587,/var/www/.data/files/e47a345c/9bac/46fc/b7b5/f4c54e2f7f96/e47a345c-9bac-46fc-b7b5-f4c54e2f7f96,b72cf5f4671c93fb7b1458eb58b315d03dc1c7469379ee554565584d269fb4b3,ef1bb964-8099-4d5d-9484-d4d8174c6c33
ae997223-2d44-423a-9c2a-f2e70dd80ce2,/liquid/image/1edc0678-6b23-4a85-a1b8-6a1a007dc4c3/original,9ca60f68-eefe-4695-a67c-d6cef55a2daa,image/jpeg,1004335,2022-02-14 10:26:17.0,,,/var/www/.data/files/060589b0/f5e3/4259/85de/a762976258a3/060589b0-f5e3-4259-85de-a762976258a3,71abbfc018d9c17e526a808ca913eb5c6326dd309988ccbf951f7dc1bdbdd598,ef1bb964-8099-4d5d-9484-d4d8174c6c33
b2447115-5016-4dd3-a318-2dd21dc5747f,/logs/exception,2022-02-18 21:01:37-4cfa2830-97d4-4714-9bd5-3e0efecd5a1a.html,text/html,292004,2022-02-18 21:01:37.0,,1645822897.569041,/var/www/.data/files/fa0bef28/4b64/48e6/8363/b9f32e1419b1/fa0bef28-4b64-48e6-8363-b9f32e1419b1,2d68b61b6635c3d0a998fd01150d5f723ffebc66ecccda42382fe8841ed19402,cefce5d6-ebbc-42be-b135-0e4c713da34a
b4499e29-bcb0-43bc-8ad1-9bba8d191c07,/liquid/image/d6139933-777c-4402-b235-6050a8abb9cc,f2de6b37-1975-4757-ad66-f8219b0404a1,image/jpeg,15603,2022-02-14 06:34:24.0,,,/var/www/.data/files/68565787/64dd/4f24/ad6f/854bd1f85a4c/68565787-64dd-4f24-ad6f-854bd1f85a4c,0cf351f281ada80b09be5f3dd18e3ed7b482d7d06452266b865e16ccf44bc49d,ef1bb964-8099-4d5d-9484-d4d8174c6c33
b44abbd2-c560-4df2-9869-2d9bb8936bfa,/liquid/image/abf91af1-0d9d-405b-aa47-a4a768ffc97f,961034e3-599e-4473-84a9-669253477dbe,image/jpeg,16565,2022-02-14 06:36:30.0,,,/var/www/.data/files/5a20eb25/d55f/499c/ad43/beed26f8d390/5a20eb25-d55f-499c-ad43-beed26f8d390,73fcb1b2f21ee56350112825b17d731c08302212bfc662390110ab1773e281ae,ef1bb964-8099-4d5d-9484-d4d8174c6c33
b456ae4a-1aca-47b2-9b1c-d43cd10cf3b4,/logs/exception,2022-02-18 21:01:36-e5ee4afd-4a0f-4508-9d9b-ad9ae031d403.html,text/html,291973,2022-02-18 21:01:36.0,,1645822896.428029,/var/www/.data/files/5227d0be/a673/4255/8490/4c7a8b27c82c/5227d0be-a673-4255-8490-4c7a8b27c82c,d644b5de86a0d07cf2671e1b076cc2bee64cc49d701343224574a891b0de410e,cefce5d6-ebbc-42be-b135-0e4c713da34a
b6f6aa7b-c73a-478c-a800-c9cc0d4603d3,/liquid/image/ba953054-b444-4e29-bada-9591e59a29f9/original,f70bf55c-5f4b-4de4-ae28-f8201cc7497e,image/jpeg,1028222,2022-02-14 06:33:31.0,,,/var/www/.data/files/bdee3cb1/a61d/446c/9bf6/ea38346cb9c6/bdee3cb1-a61d-446c-9bf6-ea38346cb9c6,0588000f565b76c43097a101517dc55917c84d592bef9c3176fdb71dc93f1fad,ef1bb964-8099-4d5d-9484-d4d8174c6c33
b8e08896-5781-4eb9-9cd9-ec5b526ab958,/logs/exception,2022-02-14 07:43:42-ea931ff2-9d70-40b5-8208-18bfc98488c9.html,application/octet-stream,450312,2022-02-14 07:43:42.0,,1645429422.715353,/var/www/.data/files/a781cefa/4434/4b97/b700/b342c595d1ae/a781cefa-4434-4b97-b700-b342c595d1ae,519017df82a94b8a2d317d269faf032e9d31b26fbadcbc95f196770f6eb44d6c,
bb0e7b82-caf8-4ac5-9095-4ed89eb9adf5,/logs/exception,2022-02-14 06:38:48-4d284e57-a1a5-4510-968f-dc384b1463cd.html,application/octet-stream,452141,2022-02-14 06:38:48.0,,1645425528.831037,/var/www/.data/files/7a442620/3b75/461c/8f3a/13090ce60456/7a442620-3b75-461c-8f3a-13090ce60456,e0ca33668d7fb59dad63397c62928274aaa50e11bcc30daffb128ce61fca82cb,
bba71955-cdef-4578-9dd4-9746ea34b528,/build/image/b164e158-4813-46ee-a8e1-f2f53f99b624/original,40f4ec7d-c6ef-4494-b2d2-f7f476f20c18,image/jpeg,711573,2022-02-18 12:54:09.0,,,/var/www/.data/files/f0760f20/8cf0/42d7/818a/47f0929f20fa/f0760f20-8cf0-42d7-818a-47f0929f20fa,608042fe1f9472962d8c481808110ee199f90e365eb96963f3109b9eefe29435,ef1bb964-8099-4d5d-9484-d4d8174c6c33
bbd2ff25-8301-410c-9a10-4b5e412f693f,/import/Edde\Excel\IExcelImportService,20292ce3-0f7d-483f-9f12-044b9e9c88ce-cells.xlsx,application/vnd.openxmlformats-officedocument.spreadsheetml.sheet,9953,2022-02-14 01:23:07.0,,1645406587.246574,/var/www/.data/files/ecaeadfe/665c/4fca/9455/7f3377a05563/ecaeadfe-665c-4fca-9455-7f3377a05563,c259859fd06e653e28593b68f4636df2eeda0e121aeb2d6d6d9794967cb9166b,
be48b81d-eca5-442a-b007-e191e639efd5,/logs/exception,2022-02-15 14:43:42-192b70ed-3c3f-4151-abfe-cd0e5f53fc36.html,text/html,232445,2022-02-15 14:43:42.0,,1645541022.460407,/var/www/.data/files/b232baba/6dd3/48ba/96f8/97a6b49a8573/b232baba-6dd3-48ba-96f8-97a6b49a8573,ce21b4765e5ff9d9d22a98644f3303b30f5cb4fb16883f36dc5974d6da880f36,cefce5d6-ebbc-42be-b135-0e4c713da34a
bf3502b5-be39-4e1e-80c7-512f1abee51e,/build/image/21abd08c-bf88-4b24-813f-0656837076aa/original,83ea5a17-85bb-49bf-93e2-cb395889dd3b,image/jpeg,925720,2022-02-14 06:00:23.0,,,/var/www/.data/files/5bd801ff/16aa/40c9/adc1/d95352f1c62e/5bd801ff-16aa-40c9-adc1-d95352f1c62e,9e680a085ab5904b90ffa886a7fe89dacb6dfaebacdad2128baf37ba04924e81,ef1bb964-8099-4d5d-9484-d4d8174c6c33
c05a437f-b132-44ed-a455-83705780c3ed,/logs/exception,2022-02-15 11:31:43-3a71d793-c80c-4e13-a31a-0f410fd09e9c.html,application/octet-stream,630689,2022-02-15 11:31:43.0,,1645529503.834661,/var/www/.data/files/c9670502/7f91/449d/8b09/f9950f38ccb6/c9670502-7f91-449d-8b09-f9950f38ccb6,fc2060046ffae2c49171b7a4e5fadadeb47b1f726ef4bc59349bbdfb0dd350df,ef1bb964-8099-4d5d-9484-d4d8174c6c33
c0a32724-4a21-4099-a08b-5d38072d5953,/logs/exception,2022-02-18 21:01:36-91d1d608-55ed-4462-a661-3579be5ebb23.html,text/html,292019,2022-02-18 21:01:36.0,,1645822896.693491,/var/www/.data/files/164aa00a/a2ba/4213/ad28/94f7fdbfa3d7/164aa00a-a2ba-4213-ad28-94f7fdbfa3d7,b3378b17df46fe8f4a3f288f2174fdd751de4fc8b7b2f4d08d92c387f692f1e1,cefce5d6-ebbc-42be-b135-0e4c713da34a
c0beccb1-6b49-4d6b-a050-b155048fe032,/logs/exception,2022-02-19 09:17:02-21cb8f96-a400-4b39-8737-43771f5b9705.html,text/html,355587,2022-02-19 09:17:02.0,,1645867022.543354,/var/www/.data/files/97977235/df57/43a4/b284/12d7096e1b84/97977235-df57-43a4-b284-12d7096e1b84,41258923fc053d7782fe51eab6237e4839d1d400d899c3de4e95e01f447ace7c,
c18fc1aa-3913-4a62-a343-f39072a1c292,/logs/exception,2022-02-18 21:01:36-d9b4419b-82ea-48f5-b79c-4a5df1260e3a.html,text/html,292079,2022-02-18 21:01:36.0,,1645822896.806614,/var/www/.data/files/482ee20d/be06/4663/9990/12925b496f6a/482ee20d-be06-4663-9990-12925b496f6a,275e9f4cfdd29f20a04be477f3b6dbe9c3c0c343cbed88935d4d6a979aff4530,cefce5d6-ebbc-42be-b135-0e4c713da34a
c2c02b4e-940a-4a14-a943-a6fcced16aa6,/logs/exception,2022-02-15 11:31:43-f236854c-af04-491b-9549-02788f1b775b.html,application/octet-stream,630527,2022-02-15 11:31:43.0,,1645529503.51201,/var/www/.data/files/aa42e254/5b29/4b00/a134/4f428d36fee5/aa42e254-5b29-4b00-a134-4f428d36fee5,a0c1f26ce1d6a84bb02ecd9644987f9e410f50105f063243f900f5c60016caa6,ef1bb964-8099-4d5d-9484-d4d8174c6c33
c2d3c9db-0360-431f-8fda-fe26f66ed171,/logs/exception,2022-02-15 20:20:16-8264cd70-5378-4082-b2ae-9b72861cf55e.html,application/octet-stream,462412,2022-02-15 20:20:16.0,,1645561216.789365,/var/www/.data/files/ac7328fb/90e1/4dd9/8d13/78b0450a29a6/ac7328fb-90e1-4dd9-8d13-78b0450a29a6,0c5d266b349aa39c45f029dedf4119a874da7589b9fcbc713c7a97df471176ba,
c4e38bb2-a3af-454f-ab14-260a6b8877e0,/liquid/image/f1c97b88-b713-400b-a47c-c55b11c41fc7/original,bcccc12f-42c4-4f42-a4fa-6bbac730be62,image/jpeg,1081167,2022-02-14 06:33:09.0,,,/var/www/.data/files/8ea39497/7437/46fc/ba24/a01a4086cb23/8ea39497-7437-46fc-ba24-a01a4086cb23,b94b467c354ed917caaf4955c7ff196c03a2d4fc9971f0a1579b0a71aa087d08,ef1bb964-8099-4d5d-9484-d4d8174c6c33
c6fb3cc2-3df0-4a73-916b-85268531cb0a,/logs/exception,2022-02-19 09:17:02-c6095261-feb3-4ff7-88db-d7774af71962.html,application/octet-stream,601517,2022-02-19 09:17:02.0,,1645867022.909807,/var/www/.data/files/81c127c7/45d8/43fa/a733/54690b274f44/81c127c7-45d8-43fa-a733-54690b274f44,e9a21e9510b64a4abbc67252f8e15cef497e771bd8066319816c1912b6069373,
c776d7d4-32c9-4b3e-a70c-ddfd268d58f4,/liquid/image/8796b555-39c2-4451-870f-5b896dbe7290,7e0c7a50-6188-40b3-bf07-cecf254d4048,image/jpeg,14849,2022-02-14 10:27:35.0,,,/var/www/.data/files/1df386f3/e8db/4683/90dd/3c1d1a3d6606/1df386f3-e8db-4683-90dd-3c1d1a3d6606,b4f0fdce65bba9066e9f10a14c8feaac7e74ad3d6da863cbca7147500a624b26,ef1bb964-8099-4d5d-9484-d4d8174c6c33
c7c5f939-7872-4219-b503-523755982e0e,/build/image/69bf3249-f5e5-433f-aea4-eb9f2e22227a,b416ab6f-dbde-4ed3-ae2b-56e56e1dbd7d,image/jpeg,12828,2022-02-17 10:55:53.0,,,/var/www/.data/files/5ff89ce9/9f84/4835/8db3/9d33a60682b1/5ff89ce9-9f84-4835-8db3-9d33a60682b1,c583cb327503f5ac7b29f6ba9b1a5bc715ec7d2ec25bd3740195f2339064de19,ef1bb964-8099-4d5d-9484-d4d8174c6c33
c7fb48b8-0954-45e0-b5ad-d9db56ea2fc5,/import/Edde\Excel\IExcelImportService,2c29742b-02c1-43cf-b007-2216dc7f141c-translations.xlsx,application/vnd.openxmlformats-officedocument.spreadsheetml.sheet,57467,2022-02-14 19:30:55.0,,1645471855.95983,/var/www/.data/files/e8ff3545/8343/4db5/ae15/16e1d86bc6bc/e8ff3545-8343-4db5-ae15-16e1d86bc6bc,f5ec6e08daa60c427f5a38404b73fa63dbd501d7956a5e02224da588147b2a90,ef1bb964-8099-4d5d-9484-d4d8174c6c33
c7ffa9ec-2035-449a-b0ea-099ef0bb9e7f,/logs/exception,2022-02-15 11:37:50-b75a7c4e-ae36-4dd0-a335-b8128e7326d5.html,application/octet-stream,437508,2022-02-15 11:37:50.0,,1645529870.343443,/var/www/.data/files/d4b17cba/953d/43bc/96fb/f19ac22d48cd/d4b17cba-953d-43bc-96fb-f19ac22d48cd,bbd456ffcdfff62b980416a595c7c2cbf694748aaee305eaa0cd9732a44232f5,
c880a151-26c5-4264-814b-c14d990b9548,/logs/exception,2022-02-15 20:20:17-1fce2961-64f1-4c44-bf0f-b8386e0c7e4f.html,application/octet-stream,441773,2022-02-15 20:20:17.0,,1645561217.406017,/var/www/.data/files/7b52416c/f691/47d9/b9d8/ea42c4883d27/7b52416c-f691-47d9-b9d8-ea42c4883d27,09d7321345c5b62de3a039aa2554a72b376ec56fa3c5baa09b297ee996b08a9f,
c9de36c0-60d1-4097-9546-82c2b4c8a472,/build/image/69bf3249-f5e5-433f-aea4-eb9f2e22227a,44846a49-6613-4aef-a5cb-8947362ee9aa,image/jpeg,13889,2022-02-17 10:55:40.0,,,/var/www/.data/files/997d7ad9/add8/48e1/81e2/08dec27514d3/997d7ad9-add8-48e1-81e2-08dec27514d3,1817a4ea6876410bd685b4a69c9fcae3c2aa29c6f07ef571962c7b15d5596e93,ef1bb964-8099-4d5d-9484-d4d8174c6c33
cc69cb72-81ba-4c09-818e-71c34f4c9e8e,/import/Edde\Excel\IExcelImportService,0cc79eaf-0f85-4d13-9b0e-5ed86f1c17ec-liquids.xlsx,application/vnd.openxmlformats-officedocument.spreadsheetml.sheet,16504,2022-02-14 01:15:56.0,,1645406156.710397,/var/www/.data/files/234aa481/3d60/4432/b5cb/d0a345af862e/234aa481-3d60-4432-b5cb-d0a345af862e,98428b71f5e77a112981b2d306fc7e2afaddd5fde038a3cdcec3f0d06b6086d4,
cc74849a-16c2-4100-9dab-a0cd9628c020,/logs/exception,2022-02-16 20:42:13-e56f0094-1134-4d40-82ea-3dc0a2387681.html,application/octet-stream,426608,2022-02-16 20:42:13.0,,1645648933.569128,/var/www/.data/files/8ebc75f6/da8a/457e/bf0f/3faf793478ef/8ebc75f6-da8a-457e-bf0f-3faf793478ef,163c1ebd554e839766d15bfca397dda9efd2985112d71b90c9ddebf7387923cc,
ce224de9-b627-4783-bcdc-2e6c15a1db5f,/logs/exception,2022-02-14 06:38:49-b528e36c-f797-48e5-afe7-3242c9a39ec1.html,application/octet-stream,453620,2022-02-14 06:38:49.0,,1645425529.636037,/var/www/.data/files/cee6b819/d107/4698/95f3/977df23cce06/cee6b819-d107-4698-95f3-977df23cce06,a573cdd083b6fb469a17d5073558da58661b68a8df89295c1c8533fec5958659,
cf7cca57-a3e1-4a46-9175-0d38859e9493,/import/Edde\Excel\IExcelImportService,cb425627-3a48-4130-a736-c1456dce452b-translations.xlsx,application/vnd.openxmlformats-officedocument.spreadsheetml.sheet,57716,2022-02-16 09:28:15.0,,1645608495.987193,/var/www/.data/files/b0e27d6c/3323/451d/94da/8c0f3cd14205/b0e27d6c-3323-451d-94da-8c0f3cd14205,126f9d0157b03e432be6852aba455c5c9faf73a72ff8c95cb29c547247a716a3,ef1bb964-8099-4d5d-9484-d4d8174c6c33
d276ba2e-9d0b-4efa-b89a-71ec92bdd43e,/logs/exception,2022-02-15 11:27:16-2421384c-3992-4653-8f11-334a47b5db4a.html,application/octet-stream,437510,2022-02-15 11:27:16.0,,1645529236.983633,/var/www/.data/files/21d9ae66/dda4/432a/b7f7/a8d22228ab48/21d9ae66-dda4-432a-b7f7-a8d22228ab48,0ea95c37aed82da45d50582a021ed8b6aaa7a6785887276e1c4d45ffe351783b,
d4724771-9731-4dd9-b28a-9196ea94a4c3,/logs/exception,2022-02-18 21:01:53-fa69844b-ad22-454e-9164-6fc57c8e9729.html,text/html,388358,2022-02-18 21:01:53.0,,1645822913.264161,/var/www/.data/files/a8439ea2/19a0/411c/a135/6b6ba44e0f34/a8439ea2-19a0-411c-a135-6b6ba44e0f34,6facb9bd06c03ffb0b790f6f1e70112b4bf64c4f33b5c67ede42642a223a6a41,cefce5d6-ebbc-42be-b135-0e4c713da34a
d61cb340-6d7a-4e23-9118-e54541d7fbee,/logs/exception,2022-02-20 11:04:46-d7058d43-e87e-430b-b107-d410f24cbd32.html,application/octet-stream,405003,2022-02-20 11:04:46.0,,1645959886.680764,/var/www/.data/files/a46dc406/acdf/4a31/8642/35630ced5b6e/a46dc406-acdf-4a31-8642-35630ced5b6e,ee1ae63e2a52f365a38f5eb91bb4ce802846933e2d1b7f72066383f63de023a9,
d8e12d3e-861e-4e63-a7c8-f7cbae00ec63,/logs/exception,2022-02-15 11:31:32-a0c01629-5747-4a9e-adbc-98a9ca34f5db.html,application/octet-stream,469652,2022-02-15 11:31:32.0,,1645529492.466356,/var/www/.data/files/d769a9d8/517f/47ad/800c/268ec5ecabb0/d769a9d8-517f-47ad-800c-268ec5ecabb0,48d7d49b37cef1ec4b752cef88e8eaaf4e123a82223bee5ff3e752577e8e9243,ef1bb964-8099-4d5d-9484-d4d8174c6c33
db546856-0dc6-4b49-850b-4595ff5869d8,/build/image/908bd82f-7d09-4512-b2b9-6cd48ba7d5b3/original,88fa934e-b37a-46e8-a01a-a961ac1e915a,image/jpeg,738362,2022-02-14 03:01:52.0,,,/var/www/.data/files/b4938256/c9d4/4790/bc9e/3316da3690f7/b4938256-c9d4-4790-bc9e-3316da3690f7,0864ae6c7776e2401902a449abd277edc1cb59497fb339aeb63d2873e295c07a,ef1bb964-8099-4d5d-9484-d4d8174c6c33
db5d8beb-a01b-4ce9-a796-3ac1a1e5a2b1,/logs/exception,2022-02-15 11:31:34-fc43b798-19ca-4211-92af-fb9d4af70943.html,application/octet-stream,630535,2022-02-15 11:31:34.0,,1645529494.579196,/var/www/.data/files/fcb63ef3/2e45/4506/a3e0/aee807cee1b2/fcb63ef3-2e45-4506-a3e0-aee807cee1b2,09c74cca413497c556c0b827652864f4e977ed477db5dab26f0b6373072cee77,ef1bb964-8099-4d5d-9484-d4d8174c6c33
dbe67ae7-b23e-446f-ad8c-bbb97714b3fd,/liquid/image/da9e8e0f-e56f-429c-a41c-2734b75da6a5/original,f2a6df1d-6761-44d7-be3a-299a2364664b,image/jpeg,1060301,2022-02-14 06:34:43.0,,,/var/www/.data/files/bb69e260/e433/40b6/927c/4a7256b84615/bb69e260-e433-40b6-927c-4a7256b84615,6f6cc7790cce9c3dd1424f187cfbdb3e735944066a307a756214d92ec815233e,ef1bb964-8099-4d5d-9484-d4d8174c6c33
dc4a4c3d-c240-460f-bfe9-12424a70f521,/logs/exception,2022-03-11 12:17:42-ac42773d-9817-4742-9c49-11d26942ad5b.html,application/octet-stream,411924,2022-03-11 12:17:42.0,,1647605862.289561,/var/www/.data/files/9310adab/d16f/492b/b5f2/0354bbf967c9/9310adab-d16f-492b-b5f2-0354bbf967c9,ab68262fa86f754ce2747fc686608d40479896d72401d04e62026b7a93a6e70d,
dc67045d-8edb-4d50-947a-e33f905057c7,/liquid/image/da9e8e0f-e56f-429c-a41c-2734b75da6a5,f2a6df1d-6761-44d7-be3a-299a2364664b,image/jpeg,15982,2022-02-14 06:34:46.0,,,/var/www/.data/files/62810241/9f21/41ad/a879/56b3c164a085/62810241-9f21-41ad-a879-56b3c164a085,7d698a44feaa3d03b6c761ac88bf5d1f9f67d55de1b91724691feb039b96108c,ef1bb964-8099-4d5d-9484-d4d8174c6c33
dc8029a1-95fd-47af-9167-cc7e692bae2b,/logs/exception,2022-02-15 18:06:14-f3131570-997a-4d16-a208-b9352281741e.html,application/octet-stream,445460,2022-02-15 18:06:14.0,,1645553174.475084,/var/www/.data/files/642c7491/dd74/403d/b561/423d49016f70/642c7491-dd74-403d-b561-423d49016f70,89fa7929155bfed5452dba6664a3072bee6b43ad439d26cc3713d194f0441691,
dcd2c117-435e-4ad8-88d4-b120ac1a9c59,/logs/exception,2022-02-15 11:27:17-e81ae78d-e5ba-44f0-a074-cdffcce7d3a8.html,application/octet-stream,438989,2022-02-15 11:27:17.0,,1645529237.82498,/var/www/.data/files/bb374def/87ee/4364/933e/3f3312fff004/bb374def-87ee-4364-933e-3f3312fff004,b29d030d83cf6cda40df86f5b6a192721d5f71d0e20f9c3f5a6b899b6f5c2908,
de57e161-8a43-4718-adf8-0fd8e00d0902,/logs/exception,2022-02-18 21:01:53-9a8eab7c-1b9f-4872-a9a4-69c7e434579f.html,text/html,388500,2022-02-18 21:01:53.0,,1645822913.541848,/var/www/.data/files/c6ee20d0/693a/4923/91d7/3bb2fa10234b/c6ee20d0-693a-4923-91d7-3bb2fa10234b,f0c03c12e8f637c287e65420d60a18822415f0d6ec7e2491aa1a1d51ae512b71,cefce5d6-ebbc-42be-b135-0e4c713da34a
dea9e993-adbf-4f1d-8d27-de6f165f25ad,/build/image/69bf3249-f5e5-433f-aea4-eb9f2e22227a,82a43d71-9363-49d7-b543-46172db68c49,image/jpeg,9301,2022-02-17 11:50:48.0,,,/var/www/.data/files/a7ee5064/6bc2/48f4/8405/67719ee5e835/a7ee5064-6bc2-48f4-8405-67719ee5e835,38d584583ee90e8399fd8d22b22e0dfc4ed989ba9157fa155da270309167e620,ef1bb964-8099-4d5d-9484-d4d8174c6c33
e099dcb3-291b-42e9-aa1c-0d8eff9dc915,/build/image/69bf3249-f5e5-433f-aea4-eb9f2e22227a,2bed04f2-8533-43b2-908d-85dcc09bfc3d,image/jpeg,12343,2022-02-17 10:54:01.0,,,/var/www/.data/files/d3d6b70b/4005/4568/8843/f2151951b5bd/d3d6b70b-4005-4568-8843-f2151951b5bd,0444df6c9daf173d470ab2ad37e1b231096e5008bf09f1fbe41d4f2684d78b52,ef1bb964-8099-4d5d-9484-d4d8174c6c33
e0c0fd33-d7b9-46f8-aa0c-619377fff9a8,/liquid/image/1a49f3ac-88e4-4ca4-9bce-f1eb33ddfdbd/original,d1fa73c1-cd2d-439d-938b-97fa78fdeaa1,image/jpeg,980001,2022-02-14 06:29:54.0,,,/var/www/.data/files/becf79b1/e886/4d26/926e/f3ef9b6c11a5/becf79b1-e886-4d26-926e-f3ef9b6c11a5,43e3e58a161b83a82f3b808ead8bcbd89494946270797535f8b760111c6a40f0,ef1bb964-8099-4d5d-9484-d4d8174c6c33
e124c278-d465-476f-bf48-edea2f641d57,/logs/exception,2022-02-15 14:43:42-d2e74677-da4e-4802-8c0d-d43241147f9b.html,text/html,232451,2022-02-15 14:43:42.0,,1645541022.563185,/var/www/.data/files/be92d821/e335/4964/b1a9/a45aa72788ad/be92d821-e335-4964-b1a9-a45aa72788ad,06446d9c1ebe7c40cfe083756b65b7dcc3e0fe6620b976fccf35ed933453ef5b,cefce5d6-ebbc-42be-b135-0e4c713da34a
e14bd5df-b57e-4820-8233-1b8e2a12e8f2,/build/image/1c44c97e-db18-4dbf-8e28-177ab40b521d/original,ec824a87-661f-4632-a55b-19bdfb9b2614,image/jpeg,904894,2022-02-14 07:44:07.0,,,/var/www/.data/files/039552da/fc7a/4157/9cb2/e1a5cb9f66f1/039552da-fc7a-4157-9cb2-e1a5cb9f66f1,7b51e51011d18cf0b83dd9eeb51f008be66ddb6f77ee2d0cb69f7f3dba443658,ef1bb964-8099-4d5d-9484-d4d8174c6c33
e4d2f7b7-6928-476a-83d4-f3192a0119f6,/logs/exception,2022-02-15 11:32:04-9c84ad6d-c7ee-4fd2-82e7-9e733ef2aa3f.html,application/octet-stream,630535,2022-02-15 11:32:04.0,,1645529524.874817,/var/www/.data/files/b44a08ff/4cd0/4f8e/8f3f/f3c92ec4dd4c/b44a08ff-4cd0-4f8e-8f3f-f3c92ec4dd4c,3ecef74a98a16bdbd0c2580ae1f663e027f34a8af1d774cb8951fe668a4bb2dc,ef1bb964-8099-4d5d-9484-d4d8174c6c33
e7b9e42f-5bef-45c6-81ea-e4974fc175c5,/build/image/69bf3249-f5e5-433f-aea4-eb9f2e22227a,2d313059-7395-44fc-9f42-c89ef728a516,image/jpeg,12831,2022-02-17 11:18:41.0,,,/var/www/.data/files/b9ea5b97/f1de/4904/9275/ebf924bab91e/b9ea5b97-f1de-4904-9275-ebf924bab91e,12771e7e8511a200552ebd899d36dc35d8375b92b926bbefb82b2bf8cff53394,ef1bb964-8099-4d5d-9484-d4d8174c6c33
e859d30f-18d4-458b-b076-93fb9f15906a,/logs/exception,2022-02-15 14:43:42-39c8aee6-1d9a-477e-bb10-f3506a60f9a3.html,text/html,232419,2022-02-15 14:43:42.0,,1645541022.326976,/var/www/.data/files/8c4c22ec/9936/4a9f/899d/94dd0c5493bd/8c4c22ec-9936-4a9f-899d-94dd0c5493bd,883f2e89cb33d9b1d67ae28dff9a6daa67229287c8f8dc2dff0ea7bc7c31e96c,cefce5d6-ebbc-42be-b135-0e4c713da34a
e9c83a44-8dae-4f6d-aef8-ab16dcc0ff47,/logs/exception,2022-02-18 21:01:35-a0a52c9c-d90a-4250-8260-bbc6ef4721a5.html,text/html,292027,2022-02-18 21:01:35.0,,1645822895.969734,/var/www/.data/files/bd37a92e/b1ba/4e0b/bb57/6f8d0c5c828c/bd37a92e-b1ba-4e0b-bb57-6f8d0c5c828c,7bc1ee9af4e1c7b3845966b63afa1166fd4ba48699f29806aa6fead7b3cdcbc8,cefce5d6-ebbc-42be-b135-0e4c713da34a
ec194efa-f22b-4679-b9cd-9a90b06c0f2d,/build/image/21abd08c-bf88-4b24-813f-0656837076aa/original,6f31ee97-b4aa-40b9-9a30-be9a2a983a99,image/jpeg,1029021,2022-02-14 05:28:51.0,,,/var/www/.data/files/9a31c151/9662/4fdc/b8eb/4609e068e6d2/9a31c151-9662-4fdc-b8eb-4609e068e6d2,d4039073a9fa88c8a45c540707e701a1d2e95249ac93635fdc9e75a0d048ee81,ef1bb964-8099-4d5d-9484-d4d8174c6c33
edfb2518-59cf-4e9b-9cd8-12adf34f9744,/liquid/image/f1c97b88-b713-400b-a47c-c55b11c41fc7,bcccc12f-42c4-4f42-a4fa-6bbac730be62,image/jpeg,16499,2022-02-14 06:33:12.0,,,/var/www/.data/files/daa73fac/925f/41a4/b727/5ba2cf1b1956/daa73fac-925f-41a4-b727-5ba2cf1b1956,9a908cb85ac5430128395c6bfb0aaa162c3308a53dfd33470b87409ba79f2c78,ef1bb964-8099-4d5d-9484-d4d8174c6c33
f0370c58-de88-40ff-b44c-5a815ce281ff,/import/Edde\Excel\IExcelImportService,2168e65f-9ef5-440f-822d-c80673382150-translations.xlsx,application/vnd.openxmlformats-officedocument.spreadsheetml.sheet,57416,2022-02-14 19:13:37.0,,1645470817.723556,/var/www/.data/files/1bb4de6b/18b1/4aab/90d2/19b2f820690a/1bb4de6b-18b1-4aab-90d2-19b2f820690a,0a3b8454ca990f686c23e9c799e6465b0b205da6eec551c7b409da058d3f2ccf,ef1bb964-8099-4d5d-9484-d4d8174c6c33
f201c8e9-412f-4977-8613-948b00550f1f,/logs/exception,2022-02-18 21:01:36-5982e2c6-9abc-408d-be25-db062044bb32.html,text/html,291973,2022-02-18 21:01:36.0,,1645822896.330616,/var/www/.data/files/af8ba25a/47eb/4e5a/b903/673f316d6116/af8ba25a-47eb-4e5a-b903-673f316d6116,4858f4a802d6e59825c1370c5ddc070771213542a45603d9e95e2e5035da3109,cefce5d6-ebbc-42be-b135-0e4c713da34a
f291e422-7f88-4fd1-b7e3-639b9e8daf1f,/build/image/1c44c97e-db18-4dbf-8e28-177ab40b521d,ec824a87-661f-4632-a55b-19bdfb9b2614,image/jpeg,14526,2022-02-14 07:44:10.0,,,/var/www/.data/files/94e83813/2f06/433b/ba07/07c75ad53fa7/94e83813-2f06-433b-ba07-07c75ad53fa7,f72f1fac0eadde956e01606c13964a1f22172b83bd87fc825b0f18dc1540eed1,ef1bb964-8099-4d5d-9484-d4d8174c6c33
f3091c8e-267b-403e-a3a7-b0c445693a4b,/logs/exception,2022-02-18 21:01:37-dbdc5b18-68ac-46bc-aa6d-81ac17a429ae.html,text/html,292036,2022-02-18 21:01:37.0,,1645822897.2316,/var/www/.data/files/529fd5b4/e0ac/4223/b425/0b420d560e56/529fd5b4-e0ac-4223-b425-0b420d560e56,3e448a3cb3e660bf36bc2f12f3aada5741e9ede6b8f49928e5812e9128638b36,cefce5d6-ebbc-42be-b135-0e4c713da34a
f3d16e61-1ffc-4821-8329-c8b565f3962f,/logs/exception,2022-02-15 11:32:04-92655bfd-2e1c-4d17-927d-b83de627a420.html,application/octet-stream,630200,2022-02-15 11:32:04.0,,1645529524.0399,/var/www/.data/files/598f8a36/fbd0/480d/83e8/15c6fb550ebc/598f8a36-fbd0-480d-83e8-15c6fb550ebc,c8bfd1e55de806a515325d41ec726e7e408b8afc49eb5cd448a07eb0e282cbeb,ef1bb964-8099-4d5d-9484-d4d8174c6c33
f43e3a39-ddc1-4873-9f57-1c2aa8f5d0e3,/logs/exception,2022-02-19 09:16:59-4ce7e426-84c7-4e64-86ed-70d67002bf8b.html,application/octet-stream,407748,2022-02-19 09:16:59.0,,1645867019.263971,/var/www/.data/files/d1e9268e/745f/4e3c/8ee8/30c84f9d3c15/d1e9268e-745f-4e3c-8ee8-30c84f9d3c15,96cf102de8f8a4f6ec3e203caae1af771e56f5481e6ad36dc66f36ee5e88867a,
f49a2eaa-004b-4ad6-8328-5b4212d49b33,/logs/exception,2022-02-14 06:29:21-23f6840e-817a-4485-a6ca-e1a097c6e253.html,application/octet-stream,450309,2022-02-14 06:29:21.0,,1645424961.834967,/var/www/.data/files/d1ad439d/021c/41ac/9b9e/8155493ab64f/d1ad439d-021c-41ac-9b9e-8155493ab64f,c90be826a53d7523984cc35190165864b08625f6b01dd22896cdf7b873ade7da,
f5002710-815c-4dd7-9caa-d181a287d345,/liquid/image/1edc0678-6b23-4a85-a1b8-6a1a007dc4c3,9ca60f68-eefe-4695-a67c-d6cef55a2daa,image/jpeg,13789,2022-02-14 10:26:20.0,,,/var/www/.data/files/d9665bc8/a27a/4ca7/8df1/9c4bd4d7bae6/d9665bc8-a27a-4ca7-8df1-9c4bd4d7bae6,63ae7eb9a0003b49b6a42113e35dab2350714daebb554423d6cc0f52f6a2ea09,ef1bb964-8099-4d5d-9484-d4d8174c6c33
f589e51e-8260-4cbc-9aaa-d1af80e37d71,/logs/exception,2022-02-16 12:43:41-abc714cf-5b47-42f9-86d7-9f55c3585747.html,text/html,363966,2022-02-16 12:43:41.0,,1645620221.438267,/var/www/.data/files/301fe86c/e13b/404c/a494/734dba6930ce/301fe86c-e13b-404c-a494-734dba6930ce,9eb6ac41c4a0ac363930da608a8cecc2af07152de238775983c344e4727114cc,
f7b2bcdd-189f-476c-a4e2-1850c484e8ad,/build/image/b164e158-4813-46ee-a8e1-f2f53f99b624/original,fb20ac33-d3db-4fe0-ac16-56b2e832e23b,image/jpeg,802669,2022-02-18 12:53:36.0,,,/var/www/.data/files/43652180/ed6b/4db4/8e97/40d97fea9319/43652180-ed6b-4db4-8e97-40d97fea9319,362307311653f274039c4b4cb0dfb70d6b69be5e3f04093de30f48563d6eceaf,ef1bb964-8099-4d5d-9484-d4d8174c6c33
f8d5aa21-4e38-48a3-926e-3ad073d8ae2e,/logs/exception,2022-02-15 11:31:59-96b1cac5-6c2e-424a-8703-e27d3f3ac81a.html,application/octet-stream,630697,2022-02-15 11:31:59.0,,1645529519.552967,/var/www/.data/files/a433a190/b59a/4ea2/8eb7/0fc82cd86fc8/a433a190-b59a-4ea2-8eb7-0fc82cd86fc8,7b69c2e279ed1e55dc6a45aaf9d62d1a1c2d1cd5ee76db20adf599912b142774,ef1bb964-8099-4d5d-9484-d4d8174c6c33
f991a0e8-975b-4c14-9829-4caa9b3bc495,/logs/exception,2022-02-14 14:25:12-dce6da18-1cff-44ff-b7a2-062c3eb89e5c.html,application/octet-stream,436974,2022-02-14 14:25:12.0,,1645453512.840418,/var/www/.data/files/aed3d070/9a98/4090/9780/4ad8ef603881/aed3d070-9a98-4090-9780-4ad8ef603881,bb606c6c5106a28a0b328a8c1cabeb6b98e98d655d072411c86210a2c0e78f74,
fa466f52-4c06-4e78-b955-b63dca750c8a,/logs/exception,2022-02-14 06:38:48-7134a383-a4ef-4abe-be7c-762aace2093e.html,application/octet-stream,432127,2022-02-14 06:38:48.0,,1645425528.814535,/var/www/.data/files/7a6f49cb/2cf9/443f/8971/a4d55b7d3612/7a6f49cb-2cf9-443f-8971-a4d55b7d3612,da8b0380e07bb9e8375d9015d0bb4dfe596c6422dfefd8d12670d43e75e2fd64,
fa6d4257-f38a-40a5-8b1a-1163e24d1d0a,/liquid/image/abf91af1-0d9d-405b-aa47-a4a768ffc97f/original,961034e3-599e-4473-84a9-669253477dbe,image/jpeg,975511,2022-02-14 06:36:27.0,,,/var/www/.data/files/a77e0172/40bc/4eac/b4f7/b9993131b978/a77e0172-40bc-4eac-b4f7-b9993131b978,3c00b66190d1a557e7b7fc739532a966b8ec93482d2898a86bc62b6ceede8a0f,ef1bb964-8099-4d5d-9484-d4d8174c6c33
faf36ab0-c003-4dba-97d9-ac2bf7bad43f,/logs/exception,2022-02-15 11:31:43-510c30f6-4240-4539-a173-bd720529e564.html,text/html,353244,2022-02-15 11:31:43.0,,1645529503.417441,/var/www/.data/files/8ccf73f9/a435/4555/8c35/a6b8a6066292/8ccf73f9-a435-4555-8c35-a6b8a6066292,334dc4c0b79052c76dd64a6532c3b7675542cac190007f7b910046d739d16546,
fafc71cd-468f-4e6e-a8f9-8e0616aeeded,/import/Edde\Excel\IExcelImportService,0381ccfa-d43b-4194-b49f-0a422a62cc32-translations.xlsx,application/vnd.openxmlformats-officedocument.spreadsheetml.sheet,58518,2022-02-18 21:01:35.0,,1645822895.720107,/var/www/.data/files/5f8ee9b5/3420/4342/9e05/eeee42c11df7/5f8ee9b5-3420-4342-9e05-eeee42c11df7,5efe81dbcf6c0564275359b5405822249efabe942e3e1de364cd5171298d0298,
