id,gallery,user_id,preview_id,original_id,stamp
06773e3d-d904-4dc5-b93f-c5b4d1e4e0bd,/build/image/69bf3249-f5e5-433f-aea4-eb9f2e22227a,ef1bb964-8099-4d5d-9484-d4d8174c6c33,c9de36c0-60d1-4097-9546-82c2b4c8a472,0841fc47-fcf0-467d-8e94-589bff4a7c51,2022-02-17 10:55:41.0
10036963-7924-4e3d-b483-2855dd6a6f93,/liquid/image/2b656345-1428-4d7c-994e-7a4107d97dfd,ef1bb964-8099-4d5d-9484-d4d8174c6c33,66882b6d-6bbf-400f-b219-b13474948385,8b9a7fc2-bca4-480d-a386-8e722f122ca4,2022-02-14 10:26:52.0
10c042b7-f169-46c8-8865-1af7bd850e0c,/build/image/908bd82f-7d09-4512-b2b9-6cd48ba7d5b3,ef1bb964-8099-4d5d-9484-d4d8174c6c33,a53a0882-e957-4199-9cb9-5ae9cb1883a8,db546856-0dc6-4b49-850b-4595ff5869d8,2022-02-14 05:29:00.0
1918f63e-7a86-4062-bc6e-43f6c83824af,/liquid/image/8796b555-39c2-4451-870f-5b896dbe7290,ef1bb964-8099-4d5d-9484-d4d8174c6c33,c776d7d4-32c9-4b3e-a70c-ddfd268d58f4,88586a12-8f3c-4cd3-a898-18fe09ae256b,2022-02-14 10:27:36.0
30a2f333-8dd3-472d-a5c7-3f86c3424b7a,/liquid/image/b07fb843-d27e-40a3-a0bd-2b3afa9bd4db,ef1bb964-8099-4d5d-9484-d4d8174c6c33,3668abaf-36af-496a-bbb6-9a63e7e6a67d,7f45d4b1-bc91-4cc3-97ce-01da92aef3d7,2022-02-14 10:27:15.0
337b3b5c-b0d6-4d20-9212-1243aaf3c3d0,/liquid/image/41f1b66a-329f-4423-83f5-32a00c846bfc,ef1bb964-8099-4d5d-9484-d4d8174c6c33,6c3cc9ff-59f3-4c40-9d1d-1000e4a7f05b,640f9b79-cea0-4b48-ae1b-8ea2c1630fb2,2022-02-14 06:37:30.0
3c3fcd4c-0267-4f21-a546-2224d7beb329,/build/image/69bf3249-f5e5-433f-aea4-eb9f2e22227a,ef1bb964-8099-4d5d-9484-d4d8174c6c33,dea9e993-adbf-4f1d-8d27-de6f165f25ad,6693d377-dd5e-46d4-8edf-233b8ac6e382,2022-02-17 11:50:49.0
3ed0f5d1-46e3-444f-bc6b-67879014f44c,/build/image/21abd08c-bf88-4b24-813f-0656837076aa,ef1bb964-8099-4d5d-9484-d4d8174c6c33,3b520d8b-2218-4615-939c-66b9fe852272,3a24c89a-cde9-44bf-8020-2a98f6f97c6f,2022-02-14 05:31:30.0
41e90806-1460-44cf-b162-3a9849a7dea3,/build/image/b164e158-4813-46ee-a8e1-f2f53f99b624,ef1bb964-8099-4d5d-9484-d4d8174c6c33,29956331-c0bd-4516-84ee-e859622d8cfb,f7b2bcdd-189f-476c-a4e2-1850c484e8ad,2022-02-18 12:53:40.0
41fffdfb-864c-4e0e-b1c5-df8ec4b80fb0,/build/image/21abd08c-bf88-4b24-813f-0656837076aa,ef1bb964-8099-4d5d-9484-d4d8174c6c33,9a0addfd-bd9a-4918-a9b7-165c0f351892,ec194efa-f22b-4679-b9cd-9a90b06c0f2d,2022-02-14 05:28:55.0
4de277f1-27b6-49ac-b39b-86d86ac688c3,/build/image/1c44c97e-db18-4dbf-8e28-177ab40b521d,ef1bb964-8099-4d5d-9484-d4d8174c6c33,f291e422-7f88-4fd1-b7e3-639b9e8daf1f,e14bd5df-b57e-4820-8233-1b8e2a12e8f2,2022-02-14 07:44:11.0
5111752f-6610-47dd-926d-35223f7a8e80,/liquid/image/d6139933-777c-4402-b235-6050a8abb9cc,ef1bb964-8099-4d5d-9484-d4d8174c6c33,b4499e29-bcb0-43bc-8ad1-9bba8d191c07,0516757c-dac0-49de-8dfb-353229f9c7e8,2022-02-14 06:34:25.0
55166a7f-9dd2-4d93-bd47-135ab9eb1df1,/build/image/1c44c97e-db18-4dbf-8e28-177ab40b521d,ef1bb964-8099-4d5d-9484-d4d8174c6c33,24ca0b30-bf5d-411e-95aa-afb87c80e049,8dbeb5f7-d6df-4c98-84be-e969bf7b10a1,2022-02-14 07:46:43.0
57c6c82c-c511-4e8c-9817-f2fa20ef857f,/build/image/69bf3249-f5e5-433f-aea4-eb9f2e22227a,ef1bb964-8099-4d5d-9484-d4d8174c6c33,142bb2ac-0d4f-45c3-87da-773c0a6215f0,a2fba6ff-a9be-43f4-aed5-c93086f3bb08,2022-02-17 10:52:45.0
5c3fc25e-f967-4fef-a996-c698024e9647,/liquid/image/1edc0678-6b23-4a85-a1b8-6a1a007dc4c3,ef1bb964-8099-4d5d-9484-d4d8174c6c33,f5002710-815c-4dd7-9caa-d181a287d345,ae997223-2d44-423a-9c2a-f2e70dd80ce2,2022-02-14 10:26:21.0
71db7b74-9fe4-4975-8f4c-43923247389e,/liquid/image/bb259610-8b3a-49b9-a7e9-ace64686dba2,ef1bb964-8099-4d5d-9484-d4d8174c6c33,0f4dfc82-0740-462d-9728-b69a92e7d472,8ecfa0da-34c5-466f-a1a2-baec0954eac4,2022-02-14 06:34:01.0
80948acd-7e4b-4d6a-bb63-911340ab5e85,/liquid/image/1a49f3ac-88e4-4ca4-9bce-f1eb33ddfdbd,ef1bb964-8099-4d5d-9484-d4d8174c6c33,5a83825b-9e43-4cbc-b836-dfe11cde5318,e0c0fd33-d7b9-46f8-aa0c-619377fff9a8,2022-02-14 06:29:58.0
810a3598-c656-447b-979e-45e06b9739c6,/liquid/image/abf91af1-0d9d-405b-aa47-a4a768ffc97f,ef1bb964-8099-4d5d-9484-d4d8174c6c33,b44abbd2-c560-4df2-9869-2d9bb8936bfa,fa6d4257-f38a-40a5-8b1a-1163e24d1d0a,2022-02-14 06:36:31.0
852a071c-ef34-4455-9f92-40c0fb5b2585,/liquid/image/f1c97b88-b713-400b-a47c-c55b11c41fc7,ef1bb964-8099-4d5d-9484-d4d8174c6c33,edfb2518-59cf-4e9b-9cd8-12adf34f9744,c4e38bb2-a3af-454f-ab14-260a6b8877e0,2022-02-14 06:33:13.0
8a3a3b9c-6633-424d-aee2-fb86bfc98403,/build/image/69bf3249-f5e5-433f-aea4-eb9f2e22227a,ef1bb964-8099-4d5d-9484-d4d8174c6c33,c7c5f939-7872-4219-b503-523755982e0e,0e42f715-79c1-4081-81a0-c3cb81daa193,2022-02-17 10:55:54.0
a0ef5230-cb34-45ed-aefa-d1a181bdd501,/liquid/image/ba953054-b444-4e29-bada-9591e59a29f9,ef1bb964-8099-4d5d-9484-d4d8174c6c33,44f5b40b-9a5b-44a5-aa19-b1b0ab16acd3,b6f6aa7b-c73a-478c-a800-c9cc0d4603d3,2022-02-14 06:33:34.0
a4416f86-75b7-40cc-b1bf-cbb6c7415769,/liquid/image/da9e8e0f-e56f-429c-a41c-2734b75da6a5,ef1bb964-8099-4d5d-9484-d4d8174c6c33,dc67045d-8edb-4d50-947a-e33f905057c7,dbe67ae7-b23e-446f-ad8c-bbb97714b3fd,2022-02-14 06:34:47.0
b55d3ddf-e842-4778-a26f-88f613188b1a,/build/image/69bf3249-f5e5-433f-aea4-eb9f2e22227a,ef1bb964-8099-4d5d-9484-d4d8174c6c33,2dffbd90-f82d-459d-9bc6-255a2178f9f4,55d809db-62f8-47ec-b1db-50dd86a89ec2,2022-02-17 11:11:42.0
c4445275-f4e7-4815-a02a-ed3ee55dad72,/build/image/21abd08c-bf88-4b24-813f-0656837076aa,ef1bb964-8099-4d5d-9484-d4d8174c6c33,0abd3e73-20ea-4c17-a71a-e90306a83dda,76c45ec4-f995-4646-b476-69b48103cd1c,2022-02-14 05:33:29.0
d29dcba6-81f2-4d2f-859f-a61e2ab5d255,/build/image/21abd08c-bf88-4b24-813f-0656837076aa,ef1bb964-8099-4d5d-9484-d4d8174c6c33,4aedaef6-1eea-4667-b9b3-4bcff8576adb,bf3502b5-be39-4e1e-80c7-512f1abee51e,2022-02-14 06:00:27.0
d8a167c2-ab1d-4134-9c94-679325c0babf,/build/image/b164e158-4813-46ee-a8e1-f2f53f99b624,ef1bb964-8099-4d5d-9484-d4d8174c6c33,87c1be54-d8ad-476f-91cb-81d7f209aacd,bba71955-cdef-4578-9dd4-9746ea34b528,2022-02-18 12:54:12.0
dbff2c83-3aca-4538-90aa-82b23bd4188f,/build/image/69bf3249-f5e5-433f-aea4-eb9f2e22227a,ef1bb964-8099-4d5d-9484-d4d8174c6c33,e099dcb3-291b-42e9-aa1c-0d8eff9dc915,06095d9b-3ca8-4529-b913-b408d0b90d9e,2022-02-17 10:54:03.0
e2491bec-ef3d-4635-beae-dd3d874778fd,/build/image/69bf3249-f5e5-433f-aea4-eb9f2e22227a,ef1bb964-8099-4d5d-9484-d4d8174c6c33,e7b9e42f-5bef-45c6-81ea-e4974fc175c5,556006b8-a66f-43c1-86b8-e4bb8764806e,2022-02-17 11:18:42.0
